"ID","SexF","Twin","HornType","BirthYear","PopSize","BirthWt","Age","MumID","MumAge","ELISARunDate","PlateNumber","StorageTime","CapHour_Tertiles","IGF1","Weight","ForeLeg","HornLen","BredAsAYearling","Survival"
118,"0",0,"Normal",2016,444,2.150000095,110,118,4,"7/3/2024",1,7,"Morning",851.1814639,15.3,107,130,0,0
114,"1",0,"Scurred",2016,444,2.400000095,108,114,4,"7/3/2024",1,7,"Afternoon",706.00194045,12.7,108,NA,0,1
162,"0",0,"Normal",2016,444,NA,108,162,3,"7/3/2024",1,7,NA,841.6779065,12,106,128,0,0
137,"1",0,"Normal",2016,444,2.5,110,137,3,"7/3/2024",1,7,"Evening",629.33460545,13.1,115,62,1,0
136,"0",0,"Normal",2016,444,3.099999905,110,136,4,"7/3/2024",1,7,"Evening",887.5464395,16.35,118,161,0,0
101,"0",0,"Normal",2016,444,2.099999905,110,101,6,"7/3/2024",1,7,"Afternoon",631.97423315,13.6,112,158,0,0
148,"1",0,"Scurred",2016,444,1.75,101,148,4,"7/3/2024",1,7,"Afternoon",551.33091865,11.55,108,NA,0,0
85,"1",0,"Normal",2016,444,2,113,85,3,"7/3/2024",1,7,"Morning",657.5434023,13.4,109,105,0,1
79,"0",1,"Normal",2016,444,1.820000052,116,79,9,"7/3/2024",1,7,"Morning",656.0196803,13.4,101,138,0,0
106,"1",0,"Normal",2016,444,2.5,109,106,8,"7/3/2024",1,7,"Afternoon",788.68729025,11.9,112,73,1,0
108,"1",1,"Polled",2016,444,1.649999976,109,108,9,"7/3/2024",1,7,"Afternoon",757.83668525,9.05,107,NA,0,1
117,"0",0,"Normal",2016,444,2.130000114,115,117,3,"7/3/2024",1,7,"Evening",653.2747005,15.05,111,149,0,0
151,"0",1,"Normal",2016,444,1.769999981,101,151,8,"7/3/2024",1,7,"Morning",699.3434883,12.2,107,77,0,0
122,"1",0,"Normal",2016,444,2.279999971,112,122,4,"7/3/2024",1,7,"Evening",619.48685325,11.95,114,84,1,1
144,"1",0,"Scurred",2016,444,1.600000024,109,144,7,"7/3/2024",1,7,"Evening",606.0754787,10.45,103,NA,0,0
100,"1",0,"Scurred",2016,444,2.390000105,118,100,5.456,"7/3/2024",1,7,"Afternoon",433.88357645,13.9,115,4,1,0
149,"1",0,"Normal",2016,444,1.899999976,101,149,3,"7/3/2024",1,7,"Morning",421.2582306,10,102,70,1,0
113,"1",0,"Scurred",2016,444,2.680000067,114,113,3,"7/3/2024",1,7,"Evening",561.4989288,14.2,105,NA,0,1
139,"0",0,"Normal",2016,444,3.200000048,104,139,6,"7/3/2024",1,7,"Morning",704.15921425,16.75,112,173,1,1
132,"0",0,"Scurred",2016,444,1.620000005,105,132,2,"7/3/2024",1,7,"Afternoon",644.5676531,9.85,99,22,0,0
550,"0",0,"Normal",2021,557,2.25999999,112,550,7,"7/3/2024",1,2,"Evening",567.5925848,13.35,114,167,1,0
515,"0",0,"Normal",2021,557,2.880000114,117,515,6,"7/3/2024",1,2,"Afternoon",690.51367705,14.3,110,136,0,1
567,"0",1,"Normal",2021,557,2,110,567,5,"7/3/2024",1,2,"Evening",595.2715052,12.3,106,127,0,0
492,"1",0,"Polled",2021,557,3.150000095,131,492,9,"7/3/2024",1,2,"Morning",400.6005574,13,107,NA,1,0
532,"0",0,"Normal",2021,557,2.569999933,122,532,9,"7/3/2024",1,2,"Morning",406.9004078,14.35,111,58,0,0
569,"0",0,"Scurred",2021,557,2.819999933,103,569,7,"7/3/2024",1,2,"Afternoon",425.7453961,12.4,115,3,0,0
496,"0",0,"Normal",2021,557,2.400000095,114,496,8,"7/3/2024",1,2,"Afternoon",620.47260355,12.15,109,64,0,1
535,"0",0,"Normal",2021,557,1.669999957,114,535,8,"7/3/2024",1,2,"Afternoon",394.8190651,6.5,95,72,0,0
556,"0",0,"Normal",2021,557,2.160000086,114,556,9,"7/3/2024",1,2,"Morning",788.7865017,13.3,108,149,0,1
561,"1",0,"Polled",2021,557,2.299999952,111,561,3,"7/3/2024",1,2,"Afternoon",597.3558416,12.95,108,NA,1,0
557,"0",0,"Normal",2021,557,2.549999952,109,557,9,"7/3/2024",1,2,"Afternoon",808.6980542,12.55,112,128,0,1
491,"1",1,"Polled",2021,557,1.610000014,134,491,6,"7/3/2024",1,2,"Morning",496.1171552,9.15,98,NA,0,0
524,"1",0,"Normal",2021,557,2.619999886,119,524,5,"7/3/2024",1,2,"Morning",634.9681113,17.35,113,95,1,1
510,"1",0,"Scurred",2021,557,3,115,510,5,"7/3/2024",1,2,"Afternoon",645.4105916,14.75,122,2,1,1
572,"1",0,"Scurred",2021,557,2.599999905,111,572,12,"7/3/2024",1,2,"Morning",470.06740405,10.2,107,1,0,0
562,"1",0,"Scurred",2021,557,2.450000048,113,562,5,"7/3/2024",1,2,"Morning",597.7236722,13.3,110,NA,0,1
541,"1",0,"Scurred",2021,557,2.299999952,116,541,3,"7/3/2024",1,2,"Morning",482.3385022,12.9,112,1,1,0
529,"1",0,"Scurred",2021,557,2.099999905,120,529,3,"7/3/2024",1,2,"Evening",558.0679791,10.6,99,2,0,0
576,"1",0,"Normal",2021,557,3,109,576,5.456,"7/3/2024",2,2,"Morning",596.81233825,14.45,114,90,1,0
516,"1",1,"Scurred",2021,557,1.200000048,122,516,6,"7/3/2024",2,2,"Evening",477.1934582,7.65,93,1,0,0
533,"0",0,"Scurred",2021,557,2.819999933,112,533,6,"7/3/2024",2,2,"Afternoon",585.81425155,14.45,118,19,0,1
546,"0",1,"Normal",2021,557,1.850000024,111,546,9,"7/3/2024",2,2,"Afternoon",807.66976835,15.5,113,166,0,0
548,"1",0,"Polled",2021,557,2.670000076,117,548,6,"7/3/2024",2,2,"Evening",607.53974225,15,111,NA,1,0
523,"1",0,"Scurred",2021,557,1.639999986,121,523,3,"7/3/2024",2,2,"Evening",401.08972535,10,101,2,0,0
493,"0",0,"Normal",2021,557,2.49000001,129,493,4,"7/3/2024",2,2,"Morning",626.12356225,18.9,127,171,0,0
531,"1",0,"Polled",2021,557,2.369999886,113,531,6,"7/3/2024",2,2,"Afternoon",506.1747467,15.05,111,NA,1,0
552,"0",0,"Normal",2021,557,2.299999952,115,552,3,"7/3/2024",2,2,"Morning",544.50875375,13.95,111,109,0,0
539,"0",1,"Normal",2021,557,1.470000029,113,539,9,"7/3/2024",2,2,"Evening",561.40522445,7.85,97,70,0,1
525,"0",0,"Scurred",2021,557,2.720000029,114,525,3,"7/3/2024",2,2,"Afternoon",543.30500695,16.7,119,30,0,0
574,"0",1,"Scurred",2021,557,2.25,113,574,5.456,"7/3/2024",2,2,"Evening",764.94656965,12.95,107,16,0,0
586,"1",0,"Polled",2021,557,NA,124,586,5.456,"7/3/2024",2,2,"Afternoon",629.41514775,11.95,108,NA,0,1
549,"0",0,"Normal",2021,557,2.650000095,115,549,10,"7/3/2024",2,2,"Morning",759.59449625,13.15,116,168,0,0
494,"1",0,"Scurred",2021,557,1.809999943,127,494,2,"7/3/2024",2,2,"Afternoon",452.07114705,9.05,104,NA,0,1
530,"1",0,"Normal",2021,557,2.640000105,120,530,4,"7/3/2024",2,2,"Evening",586.3148146,12.85,115,65,0,1
514,"1",0,"Polled",2021,557,1.700000048,116,514,2,"7/3/2024",2,2,"Afternoon",474.74250585,10.75,101,NA,0,0
517,"0",1,"Normal",2021,557,1.720000029,122,517,6,"7/3/2024",2,2,"Afternoon",394.96572885,9.9,101,101,0,0
578,"1",0,"Normal",2021,557,1.710000038,106,578,2,"7/3/2024",2,2,"Afternoon",370.8038662,8.95,96,67,0,1
521,"0",0,"Normal",2021,557,1.399999976,107,521,2,"7/3/2024",2,2,"Morning",476.52699305,9.3,97,117,0,0
165,"0",0,"Normal",2016,444,NA,121,165,8,"7/3/2024",2,7,"Morning",690.93733815,12.25,112,140,0,0
157,"1",0,"Polled",2016,444,NA,96,157,3,"7/3/2024",2,7,"Afternoon",857.523726,11.85,108,NA,1,0
81,"0",0,"Scurred",2016,444,2.400000095,109,81,4,"7/3/2024",2,7,"Morning",978.52284175,15.25,116,67,0,1
103,"0",1,"Normal",2016,444,1.809999943,110,103,6,"7/3/2024",2,7,"Morning",668.88982775,12.3,113,131,0,0
109,"0",0,"Scurred",2016,444,1.919999957,110,109,4,"7/3/2024",2,7,"Morning",496.2974736,12.35,106,1,0,0
83,"1",0,"Polled",2016,444,2.339999914,114,83,4,"7/3/2024",2,7,"Afternoon",689.94960315,12.95,114,NA,1,0
119,"1",0,"Polled",2016,444,2.279999971,107,119,6,"7/3/2024",2,7,"Afternoon",644.34702335,12.6,111,NA,1,1
166,"0",0,"Normal",2016,444,NA,121,166,4,"7/3/2024",2,7,"Afternoon",817.8213654,10.25,111,85,0,0
164,"0",0,"Normal",2016,444,NA,111,164,6,"7/3/2024",2,7,NA,733.95170915,10.4,104,69,0,0
147,"0",0,"Normal",2016,444,2.75,107,147,5.456,"7/3/2024",2,7,"Evening",593.01265175,15.35,112,159,0,0
133,"1",0,"Scurred",2016,444,3.150000095,111,133,4,"7/3/2024",2,7,"Evening",683.97413605,12.9,111,3,1,0
124,"1",0,"Polled",2016,444,1.960000038,112,124,5.456,"7/3/2024",2,7,"Evening",589.57567005,12.35,114,NA,0,0
87,"1",0,"Normal",2016,444,2.230000019,118,87,5.456,"7/3/2024",2,7,"Evening",738.36940425,13.15,108,93,0,0
84,"0",0,"Normal",2016,444,2.25,113,84,4,"7/3/2024",2,7,"Morning",685.68052405,14.75,111,121,0,NA
140,"1",0,"Scurred",2016,444,2.369999886,104,140,6,"7/3/2024",2,7,"Afternoon",554.41959895,12.55,114,1,0,1
142,"0",0,"Normal",2016,444,2.329999924,103,142,4,"7/3/2024",2,7,"Morning",696.83481845,13.55,111,134,0,1
110,"1",1,"Polled",2016,444,1.379999995,115,110,8,"7/3/2024",2,7,"Evening",529.87599215,9.05,100,NA,0,0
121,"0",0,"Normal",2016,444,2.099999905,106,121,8,"7/3/2024",2,7,"Morning",927.1574956,14.55,106,176,1,1
150,"1",0,"Scurred",2016,444,1.110000014,97,150,6,"7/3/2024",3,7,"Morning",775.65533885,10.3,98,1,0,NA
152,"1",0,"Polled",2016,444,1.600000024,98,152,9,"7/3/2024",3,7,"Afternoon",345.17955285,8.7,98,NA,0,0
86,"0",0,"Normal",2016,444,2.25,113,86,3,"7/3/2024",3,7,"Morning",712.76997845,14.45,112,104,0,0
98,"0",0,"Normal",2016,444,2.039999962,112,98,4,"7/3/2024",3,7,NA,617.03160445,15.05,110,123,0,0
80,"1",0,"Scurred",2016,444,1.799999952,114,80,4,"7/3/2024",3,7,"Afternoon",399.4220341,10.95,104,1,0,1
160,"1",0,"Polled",2016,444,NA,121,160,7,"7/3/2024",3,7,"Afternoon",1106.4856,10.05,105,NA,1,0
96,"1",0,"Polled",2016,444,2.25,111,96,4,"7/3/2024",3,7,"Afternoon",448.0601204,12,112,NA,1,1
127,"1",0,"Normal",2016,444,2.519999981,105,127,6,"7/3/2024",3,7,"Afternoon",558.15917365,13.8,110,115,0,0
138,"1",0,"Polled",2016,444,2.549999952,106,138,8,"7/3/2024",3,7,"Morning",894.7806078,14.85,119,NA,1,1
97,"1",0,"Polled",2016,444,2.299999952,111,97,7,"7/3/2024",3,7,"Afternoon",816.8666924,13.15,116,NA,1,NA
82,"1",0,"Scurred",2016,444,1.950000048,122,82,3,"7/3/2024",3,7,"Afternoon",898.0018565,12.05,108,NA,1,0
88,"0",0,"Normal",2016,444,2.180000067,121,88,4,"7/3/2024",3,7,"Evening",704.05795865,14.7,111,144,NA,0
128,"0",0,"Normal",2016,444,2.150000095,113,128,4,"7/3/2024",3,7,"Evening",600.46300775,17.7,115,114,0,NA
131,"0",0,"Normal",2016,444,1.570000052,105,131,2,"7/3/2024",3,7,"Morning",538.1395059,10.55,101,76,0,0
105,"0",0,"Normal",2016,444,1.600000024,115,105,3,"7/3/2024",3,7,"Evening",633.4381455,13.7,107,154,0,0
78,"0",0,"Normal",2016,444,2,121,78,4,"7/3/2024",3,7,"Evening",626.92288775,15.95,115,138,0,1
534,"0",0,"Normal",2021,557,2.529999971,117,534,5,"7/3/2024",3,2,"Morning",859.5285874,16.4,112,174,0,1
498,"1",0,"Scurred",2021,557,2.210000038,124,498,5,"7/3/2024",3,2,"Afternoon",528.91358435,12.35,101,1,1,0
490,"1",1,"Polled",2021,557,1.700000048,134,490,6,"7/3/2024",3,2,"Morning",486.09858135,10.25,101,NA,0,0
585,"0",0,"Normal",2021,557,NA,122,585,3,"7/3/2024",3,2,"Afternoon",1125.3658525,9.1,106,83,0,0
500,"0",0,"Normal",2021,557,1.600000024,119,500,3,"7/3/2024",3,2,"Afternoon",641.7727099,12.4,104,127,0,1
519,"1",0,"Normal",2021,557,2.599999905,124,519,6,"7/3/2024",3,2,"Morning",607.12241145,14,107,112,1,0
553,"0",0,"Normal",2021,557,2.150000095,109,553,2,"7/3/2024",3,2,"Afternoon",520.3856726,10.9,111,85,0,0
503,"0",1,"Normal",2021,557,1.799999952,125,503,9,"7/3/2024",3,2,"Morning",537.294955,10.6,102,100,0,0
501,"1",0,"Scurred",2021,557,2.599999905,117,501,5,"7/3/2024",3,2,"Morning",645.0602369,14.5,117,4,1,1
573,"0",0,"Normal",2021,557,2.599999905,114,573,2,"7/3/2024",3,2,"Afternoon",450.61773165,12.45,105,135,0,0
555,"1",0,"Scurred",2021,557,2.299999952,111,555,3,"7/3/2024",3,2,"Afternoon",576.4567778,11.65,109,NA,0,1
570,"1",0,"Normal",2021,557,2.210000038,114,570,2,"7/3/2024",3,2,"Evening",635.8783579,11.4,105,88,0,1
526,"1",0,"Normal",2021,557,2.50999999,119,526,3,"7/3/2024",3,2,"Morning",586.32177565,14.65,116,116,1,0
511,"0",0,"Normal",2021,557,2.599999905,117,511,5,"7/3/2024",3,2,"Afternoon",791.02875035,16.05,116,93,1,1
571,"0",0,"Normal",2021,557,1.950000048,114,571,8,"7/3/2024",3,2,"Evening",514.67562775,10.25,106,90,0,0
518,"0",0,"Normal",2021,557,3.549999952,122,518,7,"7/3/2024",3,2,"Evening",798.26217995,16.35,121,154,0,1
537,"0",0,"Normal",2021,557,1.820000052,113,537,2,"7/3/2024",3,2,"Afternoon",531.26544755,11.3,101,118,0,1
577,"1",0,"Polled",2021,557,1.940000057,106,577,2,"7/3/2024",3,2,"Evening",377.0894218,9.8,99,NA,0,0
589,"0",0,"Scurred",2021,557,NA,129,589,3,"7/3/2024",4,2,"Evening",686.32422795,11.2,109,18,0,0
509,"1",0,"Polled",2021,557,2.640000105,124,509,8,"7/3/2024",4,2,"Morning",658.5763187,10.55,107,NA,0,0
551,"1",0,"Normal",2021,557,2.00999999,112,551,3,"7/3/2024",4,2,"Evening",665.17972005,12.55,108,104,0,0
582,"1",0,"Normal",2021,557,NA,92,582,9,"7/3/2024",4,2,"Morning",782.02764155,12.5,109,90,0,0
538,"0",0,"Normal",2021,557,2.380000114,116,538,8,"7/3/2024",4,2,"Morning",706.1204117,15.3,113,174,0,1
584,"1",0,"Polled",2021,557,NA,122,584,3,"7/3/2024",4,2,"Afternoon",985.020111,7.5,103,NA,0,0
583,"1",0,"Polled",2021,557,NA,83,583,2,"7/3/2024",4,2,"Afternoon",736.41332455,9.9,108,1,0,0
512,"0",0,"Normal",2021,557,1.590000033,124,512,3,"7/3/2024",4,2,"Morning",524.92205915,13.2,104,173,0,0
544,"1",1,"Polled",2021,557,1.909999967,111,544,6,"7/3/2024",4,2,"Afternoon",586.96431205,11.55,107,NA,1,0
579,"0",0,"Normal",2021,557,4.800000191,106,579,9,"7/3/2024",4,2,"Evening",578.08397055,12.35,109,90,0,0
581,"0",0,"Normal",2021,557,3.799999952,108,581,2,"7/3/2024",4,2,"Morning",781.1497573,11.55,106,138,0,0
495,"1",0,"Scurred",2021,557,2.640000105,119,495,4,"7/3/2024",4,2,"Morning",748.00863545,14.35,118,3,0,1
506,"0",0,"Normal",2021,557,2.299999952,123,506,3,"7/3/2024",4,2,"Afternoon",649.6147243,13.1,108,70,0,0
559,"1",0,"Scurred",2021,557,2.599999905,114,559,7,"7/3/2024",4,2,"Morning",762.01442155,11.7,107,5,0,1
568,"0",0,"Normal",2021,557,2.400000095,107,568,5,"7/3/2024",4,2,"Afternoon",674.1776608,13.2,111,70,1,0
507,"0",0,"Normal",2021,557,2.319999933,123,507,5.456,"7/3/2024",4,2,"Evening",634.82438835,13.5,110,174,0,1
560,"0",0,"Normal",2021,557,2.599999905,109,560,6,"7/3/2024",4,2,"Morning",739.8852489,13,105,152,0,0
558,"1",0,"Normal",2021,557,1.799999952,109,558,7,"7/3/2024",4,2,"Morning",656.84915635,9.6,107,84,0,0
528,"1",0,"Polled",2021,557,2.079999924,123,528,3,"7/3/2024",4,2,"Morning",651.757861,9.9,103,NA,0,0
508,"1",0,"Normal",2021,557,2.599999905,116,508,9,"7/3/2024",4,2,"Afternoon",649.6120859,12.85,110,108,1,0
163,"1",0,"Scurred",2016,444,NA,121,163,8,"7/3/2024",4,7,"Afternoon",959.8318155,8.35,100,1,0,0
123,"0",0,"Normal",2016,444,3,106,123,4,"7/3/2024",4,7,"Morning",943.86579295,16.5,121,168,0,1
125,"1",1,"Normal",2016,444,1.570000052,106,125,7,"7/3/2024",4,7,"Morning",691.28161415,9.8,98,78,1,0
90,"0",0,"Scurred",2016,444,2.400000095,112,90,4,"7/3/2024",4,7,"Afternoon",810.54831485,12.95,111,55,0,0
92,"1",0,"Polled",2016,444,2.25,112,92,6,"7/3/2024",4,7,"Afternoon",788.7949976,11.55,111,NA,1,0
156,"1",0,"Polled",2016,444,NA,106,156,7,"7/3/2024",4,7,"Afternoon",733.1072353,11.7,109,NA,0,1
134,"1",0,"Scurred",2016,444,2.049999952,111,134,3,"7/3/2024",4,7,"Evening",612.2906274,13.55,108,NA,1,1
99,"1",0,"Polled",2016,444,2.019999981,110,99,3,"7/3/2024",4,7,"Morning",799.7053104,13.5,112,NA,1,1
154,"1",0,"Scurred",2016,444,2.440000057,98,154,10,"7/3/2024",4,7,"Afternoon",849.1083846,11.2,104,1,0,0
129,"1",0,"Polled",2016,444,2.460000038,111,129,3,"7/3/2024",4,7,"Evening",808.01209165,13.9,115,NA,1,0
158,"1",0,"Scurred",2016,444,NA,101,158,3,"7/3/2024",4,7,"Morning",866.9923598,12.4,105,NA,0,1
107,"0",0,"Normal",2016,444,3.099999905,112,107,5,"7/3/2024",4,7,NA,893.14366845,16.9,120,153,0,0
89,"0",0,"Normal",2016,444,2.099999905,112,89,7,"7/3/2024",4,7,"Morning",877.38215565,15.35,111,113,0,0
155,"0",0,"Normal",2016,444,2.24000001,97,155,8,"7/3/2024",4,7,"Morning",589.51332035,10,110,72,NA,0
141,"1",0,"Polled",2016,444,2.25,103,141,5,"7/3/2024",4,7,"Afternoon",836.94040935,13.2,108,NA,0,1
130,"1",0,"Normal",2016,444,2.50999999,113,130,4,"7/3/2024",4,7,"Afternoon",777.0111373,14.05,112,94,0,NA
143,"0",0,"Normal",2016,444,2,109,143,8,"7/3/2024",4,7,"Evening",819.36913645,14.35,112,178,0,0
120,"0",0,"Normal",2016,444,2.099999905,109,120,2,"8/3/2024",5,7,"Morning",518.17884725,12.45,106,67,0,0
153,"0",0,"Scurred",2016,444,2.559999943,100,153,7,"8/3/2024",5,7,"Afternoon",606.0290571,13.05,112,32,0,1
91,"0",0,"Normal",2016,444,2.299999952,112,91,4,"8/3/2024",5,7,"Morning",559.9500801,15.6,118,163,0,0
116,"0",0,"Normal",2016,444,2.450000048,115,116,7,"8/3/2024",5,7,"Evening",453.3329527,14.8,112,195,1,0
126,"0",1,"Normal",2016,444,1.860000014,106,126,7,"8/3/2024",5,7,"Morning",256.2411129,10.9,106,121,0,1
135,"1",0,"Polled",2016,444,1.870000005,111,135,5.456,"8/3/2024",5,7,"Evening",493.45665015,13.05,113,NA,0,0
159,"1",0,"Polled",2016,444,NA,83,159,3,"8/3/2024",5,7,NA,442.8408862,NA,NA,NA,0,0
112,"1",0,"Polled",2016,444,1.600000024,116,112,4,"8/3/2024",5,7,"Evening",333.78261135,14.45,113,NA,1,0
93,"0",0,"Scurred",2016,444,2.650000095,117,93,4,"8/3/2024",5,7,"Evening",390.65308095,18.15,120,NA,0,0
145,"0",0,"Normal",2016,444,2.349999905,103,145,8,"8/3/2024",5,7,"Afternoon",534.95113605,12.6,114,85,0,0
146,"1",0,"Polled",2016,444,2.099999905,101,146,7,"8/3/2024",5,7,"Morning",402.3049743,13.15,105,NA,0,1
102,"1",1,"Polled",2016,444,1.809999943,110,102,6,"8/3/2024",5,7,"Morning",366.03272485,9.6,102,NA,0,0
94,"0",0,"Normal",2016,444,2.700000048,111,94,9,"8/3/2024",5,7,"Morning",348.99345815,15.35,112,79,0,0
161,"1",0,"Normal",2016,444,NA,108,161,5.456,"8/3/2024",5,7,NA,522.479586,13.2,110,87,0,0
95,"0",0,"Normal",2016,444,2.75,111,95,5,"8/3/2024",5,7,"Afternoon",536.6087694,15.8,120,147,0,1
104,"1",0,"Normal",2016,444,2.640000105,110,104,6,"8/3/2024",5,7,"Afternoon",439.8252394,12.25,113,72,0,0
111,"1",0,"Polled",2016,444,2.410000086,114,111,8,"8/3/2024",5,7,"Evening",343.35014605,13.55,111,NA,0,0
590,"0",0,"Normal",2021,557,NA,121,590,8,"8/3/2024",5,2,"Evening",281.68610885,12.2,110,129,0,1
499,"0",0,"Normal",2021,557,2.890000105,126,499,4,"8/3/2024",5,2,"Morning",419.07919715,19.8,118,187,0,0
554,"1",0,"Polled",2021,557,2.059999943,111,554,2,"8/3/2024",5,2,"Evening",424.07124925,11.05,106,NA,0,0
566,"0",0,"Normal",2021,557,2.180000067,110,566,6,"8/3/2024",5,2,"Afternoon",387.8038214,10.95,107,136,0,0
497,"0",0,"Normal",2021,557,2.299999952,126,497,5.456,"8/3/2024",5,2,"Evening",421.2645681,13.4,112,160,0,1
547,"1",0,"Polled",2021,557,2.299999952,110,547,11,"8/3/2024",5,2,"Afternoon",273.6398016,10.95,106,NA,0,0
587,"0",0,"Normal",2021,557,NA,124,587,6,"8/3/2024",5,2,"Afternoon",725.1565094,10.65,113,68,0,0
588,"1",0,"Normal",2021,557,NA,129,588,5.456,"8/3/2024",5,2,"Evening",366.7228445,14.05,110,92,1,1
563,"1",0,"Polled",2021,557,1.950000048,110,563,3,"8/3/2024",5,2,"Afternoon",372.06716,11.05,108,NA,1,1
504,"1",0,"Normal",2021,557,2.630000114,123,504,3,"8/3/2024",5,2,"Evening",333.1186736,14.55,113,100,1,1
536,"1",0,"Normal",2021,557,2.720000029,114,536,8,"8/3/2024",5,2,"Afternoon",362.7000584,13.2,104,96,0,1
542,"1",0,"Normal",2021,557,2.910000086,111,542,7,"8/3/2024",5,2,"Afternoon",351.47401215,13.55,119,80,1,0
502,"1",0,"Normal",2021,557,1.899999976,119,502,6,"8/3/2024",5,2,"Afternoon",389.78467755,12,102,85,0,1
520,"0",0,"Normal",2021,557,2.75,114,520,9,"8/3/2024",5,2,"Afternoon",452.2214115,14.65,119,142,0,0
575,"1",0,"Scurred",2021,557,1.580000043,104,575,2,"8/3/2024",5,2,"Afternoon",344.4143439,7.2,95,13,0,0
522,"1",0,"Normal",2021,557,1.889999986,114,522,4,"8/3/2024",5,2,"Morning",382.2622147,13.4,110,92,0,1
513,"0",0,"Normal",2021,557,2.5,124,513,3,"8/3/2024",5,2,"Morning",428.760053,15.35,113,175,0,0
545,"0",0,"Normal",2021,557,2.660000086,120,545,3,"8/3/2024",5,2,"Morning",434.42539555,15.9,114,174,0,0
527,"1",0,"Polled",2021,557,1.919999957,119,527,3,"8/3/2024",5,2,"Morning",352.9977451,13.45,109,NA,1,0
564,"1",0,"Scurred",2021,557,2.859999895,115,564,7,"8/3/2024",5,2,"Evening",317.5577857,13.25,113,2,1,0
505,"0",0,"Normal",2021,557,2.089999914,123,505,3,"8/3/2024",5,2,"Afternoon",355.26451355,14.6,109,65,0,0
540,"1",1,"Scurred",2021,557,1.320000052,113,540,9,"8/3/2024",6,2,"Evening",291.90136395,7.55,92,NA,0,0
543,"0",1,"Normal",2021,557,2.099999905,111,543,6,"8/3/2024",6,2,"Afternoon",509.6050986,12.45,111,110,0,0
580,"0",0,"Normal",2021,557,4.519999981,107,580,6,"8/3/2024",6,2,"Morning",419.3481832,14.25,115,185,0,1
565,"1",0,"Polled",2021,557,2,110,565,6,"8/3/2024",6,2,"Afternoon",318.9951978,12.25,105,NA,1,0
178,"0",0,"Normal",2017,528,2.299999952,125,178,5,"8/3/2024",6,6,"Morning",617.3805681,17.2,113,130,1,0
242,"0",0,"Scurred",2017,528,2.150000095,105,242,10,"8/3/2024",6,6,"Afternoon",500.69256735,10.9,108,33,0,0
168,"0",0,"Scurred",2017,528,2.50999999,126,168,3,"8/3/2024",6,6,"Morning",564.2771478,12.8,110,41,0,0
262,"0",0,"Normal",2017,528,NA,119,262,3,"8/3/2024",6,6,"Afternoon",428.78844655,9.5,102,32,0,0
172,"1",0,"Polled",2017,528,3.099999905,123,172,9,"8/3/2024",6,6,"Afternoon",426.0117083,18.55,122,NA,1,1
194,"1",1,"Polled",2017,528,1.929999948,112,194,5,"8/3/2024",6,6,"Evening",427.3402327,9.85,105,NA,0,0
196,"0",0,"Normal",2017,528,2.930000067,113,196,8,"8/3/2024",6,6,"Afternoon",602.84296855,17.6,114,114,0,0
173,"1",0,"Scurred",2017,528,2.299999952,123,173,4,"8/3/2024",6,6,NA,407.03555025,12.65,106,1,0,1
221,"1",1,"Polled",2017,528,1.899999976,108,221,7,"8/3/2024",6,6,"Afternoon",259.90776795,7.8,98,NA,0,0
170,"0",0,"Normal",2017,528,2.25,127,170,3,"8/3/2024",6,6,"Morning",396.15582095,14.95,108,160,0,NA
184,"0",0,"Normal",2017,528,1.74000001,113,184,2,"8/3/2024",6,6,"Afternoon",327.82468585,10.25,102,58,0,0
186,"0",1,"Normal",2017,528,1.399999976,118,186,9,"8/3/2024",6,6,"Morning",390.71379155,7.65,91,89,0,0
174,"0",1,"Normal",2017,528,1.600000024,118,174,10,"8/3/2024",6,6,"Evening",464.2852216,12.85,104,131,0,0
177,"1",0,"Normal",2017,528,1.370000005,118,177,5,"8/3/2024",6,6,"Evening",396.78336025,10.55,103,88,0,0
235,"1",0,"Scurred",2017,528,1.700000048,116,235,3,"8/3/2024",6,6,"Morning",375.11851225,10.95,107,4,1,0
195,"0",1,"Normal",2017,528,1.860000014,112,195,5,"8/3/2024",6,6,"Afternoon",462.25473825,11.05,101,69,0,NA
419,"0",1,"Scurred",2019,508,1.649999976,103,419,11,"8/3/2024",6,4,NA,251.7244819,7.6,100,5,0,0
427,"0",1,"Normal",2019,508,1.659999967,100,427,12,"8/3/2024",6,4,"Morning",166.9944665,5.85,93,87,0,0
409,"0",0,"Normal",2019,508,2.710000038,111,409,7,"8/3/2024",6,4,"Afternoon",538.6201992,15.35,117,143,0,0
358,"0",0,"Normal",2019,508,2.440000057,129,358,7,"8/3/2024",6,4,"Evening",460.4976472,15.7,114,88,0,NA
407,"0",0,"Normal",2019,508,2.460000038,106,407,6,"8/3/2024",6,4,"Morning",512.040121,13.8,111,179,0,0
360,"1",0,"Polled",2019,508,2.25,117,360,9,"8/3/2024",6,4,"Afternoon",402.22632765,13.2,113,NA,1,0
404,"0",0,"Scurred",2019,508,2.349999905,106,404,3,"8/3/2024",6,4,"Evening",394.05790085,13.7,115,47,0,0
393,"1",0,"Scurred",2019,508,2.579999924,108,393,7,"8/3/2024",6,4,"Evening",489.2690584,13.6,110,2,1,1
412,"1",0,"Normal",2019,508,2.829999924,105,412,5,"8/3/2024",6,4,"Afternoon",363.71370835,14.4,118,99,1,0
364,"1",1,"Polled",2019,508,1.840000033,117,364,6,"8/3/2024",6,4,"Evening",418.71783595,10.2,100,NA,1,0
408,"1",0,"Scurred",2019,508,2.680000067,105,408,4,"8/3/2024",6,4,"Morning",475.2740785,12.75,109,2,0,1
426,"0",1,"Normal",2019,508,1.919999957,100,426,12,"8/3/2024",6,4,"Morning",179.4694023,7.1,95,97,NA,0
387,"1",0,"Scurred",2019,508,2.579999924,108,387,6,"8/3/2024",6,4,"Afternoon",480.2007322,12.05,109,2,0,1
380,"0",0,"Scurred",2019,508,2.650000095,110,380,6,"8/3/2024",6,4,"Morning",675.0555698,15.65,112,35,1,1
384,"0",0,"Normal",2019,508,2.549999952,109,384,4,"8/3/2024",6,4,"Afternoon",551.6594558,13.2,112,99,0,1
399,"0",1,"Normal",2019,508,1.940000057,113,399,5,"8/3/2024",6,4,"Afternoon",481.85039925,11.75,108,89,0,NA
422,"1",0,"Scurred",2019,508,2.329999924,108,422,3,"8/3/2024",6,4,"Afternoon",416.86990665,12.95,104,3,1,1
429,"0",1,"Normal",2019,508,1.529999971,98,429,11,"8/3/2024",6,4,"Morning",230.2214527,7.75,95,50,0,NA
376,"1",0,"Polled",2019,508,2.450000048,111,376,7,"8/3/2024",6,4,"Afternoon",502.3698977,12.5,115,NA,1,0
361,"0",0,"Normal",2019,508,2.210000038,117,361,5,"8/3/2024",7,4,"Afternoon",474.06172245,13.05,111,140,1,0
431,"1",0,"Scurred",2019,508,NA,93,431,7,"8/3/2024",7,4,"Afternoon",487.6375977,11.9,111,5,0,0
432,"0",1,"Normal",2019,508,NA,90,432,3,"8/3/2024",7,4,"Afternoon",398.9705903,10.7,108,106,0,0
428,"0",0,"Scurred",2019,508,1.470000029,105,428,5.456,"8/3/2024",7,4,"Evening",456.0882574,13.05,105,38,0,NA
391,"0",0,"Normal",2019,508,2.410000086,111,391,4,"8/3/2024",7,4,"Evening",548.2860174,13.45,111,45,0,1
436,"0",0,"Normal",2019,508,NA,122,436,5.456,"8/3/2024",7,4,"Evening",396.33878865,12.2,107,170,NA,NA
366,"1",0,"Polled",2019,508,2.50999999,114,366,9,"8/3/2024",7,4,"Afternoon",262.0173162,12.25,104,NA,1,0
378,"1",1,"Polled",2019,508,1.850000024,114,378,7,"8/3/2024",7,4,"Evening",263.7102037,7.55,100,NA,0,0
375,"0",0,"Normal",2019,508,2.920000076,111,375,10,"8/3/2024",7,4,"Morning",376.64144715,15.6,118,171,0,0
434,"0",0,"Normal",2019,508,NA,119,434,3,"8/3/2024",7,4,"Morning",508.0519865,13,114,57,0,0
398,"0",1,"Scurred",2019,508,2.619999886,113,398,5,"8/3/2024",7,4,"Afternoon",375.78457295,11.6,110,95,0,0
418,"1",1,"Polled",2019,508,1.539999962,103,418,11,"8/3/2024",7,4,"Afternoon",190.12864,7.1,96,NA,0,0
395,"1",0,"Scurred",2019,508,1.200000048,107,395,1,"8/3/2024",7,4,"Morning",298.6146941,10.25,96,4,0,1
400,"1",1,"Scurred",2019,508,2.180000067,113,400,8,"8/3/2024",7,4,"Afternoon",340.9575607,10.3,105,3,0,0
402,"1",1,"Polled",2019,508,1.480000019,106,402,3,"8/3/2024",7,4,"Afternoon",326.3822334,10.25,106,NA,0,0
392,"0",0,"Normal",2019,508,2.900000095,108,392,4,"8/3/2024",7,4,"Morning",499.41359335,16.05,115,152,1,NA
227,"1",0,"Normal",2017,528,2.410000086,115,227,3,"8/3/2024",7,6,"Evening",258.95663685,14.2,111,91,0,1
205,"1",1,"Polled",2017,528,1.299999952,111,205,8,"8/3/2024",7,6,"Afternoon",211.50618505,7.25,92,NA,0,NA
244,"1",0,"Polled",2017,528,2.309999943,108,244,5,"8/3/2024",7,6,"Evening",320.6230045,11.95,117,NA,0,0
193,"0",0,"Normal",2017,528,2.450000048,112,193,4,"8/3/2024",7,6,"Morning",336.1757109,13.2,110,160,0,0
188,"0",0,"Normal",2017,528,2.680000067,112,188,4,"8/3/2024",7,6,"Afternoon",459.07986425,15.25,116,148,0,NA
176,"0",0,"Normal",2017,528,2.349999905,114,176,5,"8/3/2024",7,6,"Morning",568.6444592,15.45,106,173,0,0
191,"1",0,"Scurred",2017,528,2.339999914,122,191,3,"8/3/2024",7,6,"Morning",349.25264585,12.45,114,36,1,0
182,"0",0,"Normal",2017,528,2.299999952,113,182,5,"8/3/2024",7,6,"Evening",382.5476885,15.15,106,94,0,0
230,"1",0,"Normal",2017,528,2.980000019,107,230,7,"8/3/2024",7,6,"Morning",400.24841635,13,111,108,0,1
226,"0",0,"Normal",2017,528,2.25,110,226,4,"8/3/2024",7,6,"Evening",406.86223285,12.9,115,146,0,0
204,"1",1,"Polled",2017,528,1.700000048,111,204,8,"8/3/2024",7,6,"Afternoon",384.5848073,8.25,99,NA,0,0
261,"0",0,"Normal",2017,528,NA,122,261,7,"8/3/2024",7,6,"Evening",595.33588235,12.05,114,125,0,0
207,"0",0,"Scurred",2017,528,2.099999905,116,207,2,"8/3/2024",7,6,"Morning",350.6395329,13.75,110,7,0,0
236,"1",0,"Polled",2017,528,2.450000048,106,236,9,"8/3/2024",7,6,"Afternoon",393.3973953,11.7,103,NA,0,NA
243,"1",0,"Polled",2017,528,2.299999952,108,243,10,"8/3/2024",7,6,"Afternoon",331.5075144,10.45,104,NA,0,0
175,"0",0,"Normal",2017,528,2.119999886,115,175,5,"8/3/2024",7,6,"Morning",478.2604942,13.5,109,169,0,NA
270,"0",0,"Normal",2017,528,NA,119,270,5,"8/3/2024",7,6,"Morning",548.18535945,8.8,104,70,0,0
202,"1",0,"Polled",2017,528,2.329999924,114,202,3,"8/3/2024",7,6,"Evening",389.50388375,11.6,107,NA,0,0
197,"1",0,"Polled",2017,528,2.299999952,112,197,8,"8/3/2024",7,6,"Morning",394.0901524,13.55,111,NA,0,0
253,"1",0,"Polled",2017,528,2.089999914,107,253,3,"8/3/2024",8,6,"Morning",477.35208625,10.45,100,NA,0,0
214,"0",0,"Normal",2017,528,2.359999895,119,214,4,"8/3/2024",8,6,"Morning",520.6393517,15.65,117,154,0,0
183,"0",0,"Normal",2017,528,2,114,183,7,"8/3/2024",8,6,"Morning",484.37131795,11,100,48,0,NA
259,"1",0,"Normal",2017,528,NA,124,259,1,"8/3/2024",8,6,"Morning",549.9974358,10.5,99,90,1,0
263,"1",0,"Normal",2017,528,NA,122,263,3,"8/3/2024",8,6,"Evening",493.8435793,10,102,109,0,0
187,"0",0,"Normal",2017,528,2.369999886,113,187,5,"8/3/2024",8,6,"Afternoon",527.2885037,16.65,116,54,0,0
275,"1",0,"Scurred",2017,528,NA,127,275,5,"8/3/2024",8,6,"Evening",492.52346095,12.75,110,61,1,0
245,"0",0,"Normal",2017,528,2.859999895,110,245,8,"8/3/2024",8,6,"Morning",635.91876965,15.85,108,159,0,0
232,"0",0,"Scurred",2017,528,1.919999957,106,232,4,"8/3/2024",8,6,"Morning",531.75555425,11.35,101,77,0,0
203,"1",0,"Scurred",2017,528,2.319999933,114,203,11,"8/3/2024",8,6,"Evening",435.66181105,9.45,103,10,0,0
206,"0",0,"Normal",2017,528,2.660000086,111,206,3,"8/3/2024",8,6,"Afternoon",505.668888,14.85,115,122,1,0
180,"1",0,"Polled",2017,528,1.889999986,122,180,8,"8/3/2024",8,6,"Afternoon",424.70598775,6.6,107,NA,1,0
266,"0",1,"Normal",2017,528,NA,3,266,9,"8/3/2024",8,6,NA,549.4202159,2.35,NA,NA,0,0
250,"1",0,"Polled",2017,528,2,108,250,7,"8/3/2024",8,6,"Morning",419.9791928,10.45,106,NA,0,0
234,"0",0,"Scurred",2017,528,2.75,106,234,8,"8/3/2024",8,6,"Morning",692.16690135,15.85,113,45,0,0
217,"1",0,"Normal",2017,528,2.599999905,116,217,8,"8/3/2024",8,6,"Evening",452.01579935,13.95,112,83,1,0
181,"0",0,"Normal",2017,528,2.079999924,114,181,7,"8/3/2024",8,6,"Afternoon",569.12686565,13.1,111,133,0,0
223,"1",0,"Polled",2017,528,1.850000024,115,223,2,"8/3/2024",8,6,"Evening",394.89451915,14.3,112,NA,1,0
229,"0",0,"Normal",2017,528,2.400000095,107,229,5,"8/3/2024",8,6,"Afternoon",570.5472889,14.85,120,73,0,0
383,"1",0,"Normal",2019,508,2.950000048,110,383,9,"8/3/2024",8,4,"Morning",436.0765967,13.8,111,71,1,1
403,"1",1,"Scurred",2019,508,1.460000038,106,403,3,"8/3/2024",8,4,"Afternoon",315.02397545,9.05,101,NA,0,1
430,"1",0,"Scurred",2019,508,2.599999905,103,430,6,"8/3/2024",8,4,"Evening",511.674448,12.6,107,2,1,1
416,"0",1,"Normal",2019,508,2.50999999,106,416,8,"8/3/2024",8,4,"Evening",453.4321531,12.65,111,73,0,0
381,"0",0,"Normal",2019,508,2.430000067,116,381,3,"8/3/2024",8,4,"Afternoon",559.9867368,15,112,148,0,0
417,"1",1,"Scurred",2019,508,1.679999948,106,417,8,"8/3/2024",8,4,"Evening",339.56731135,9.5,99,2,0,0
362,"1",0,"Normal",2019,508,2.299999952,117,362,6,"8/3/2024",8,4,"Morning",519.13492305,15,115,91,1,1
415,"1",0,"Normal",2019,508,2.279999971,106,415,5,"8/3/2024",8,4,"Evening",445.7635812,11.75,107,88,0,1
433,"0",1,"Scurred",2019,508,NA,90,433,3,"8/3/2024",8,4,"Afternoon",507.19410545,10.15,111,3,0,0
371,"1",0,"Scurred",2019,508,3,118,371,8,"8/3/2024",8,4,"Afternoon",444.2630436,13.7,117,5,1,1
423,"1",0,"Polled",2019,508,1.360000014,103,423,1,"8/3/2024",8,4,"Morning",302.30888625,8.25,89,NA,0,NA
372,"0",1,"Normal",2019,508,1.879999995,112,372,12,"8/3/2024",8,4,"Afternoon",573.41848975,12.45,109,170,0,0
369,"0",0,"Scurred",2019,508,2.400000095,119,369,3,"8/3/2024",8,4,"Evening",689.27430195,17.85,114,21,0,0
385,"0",0,"Normal",2019,508,2.619999886,109,385,7,"8/3/2024",8,4,"Afternoon",762.43549645,15.2,121,138,0,NA
424,"0",0,"Normal",2019,508,2.900000095,101,424,6,"8/3/2024",8,4,"Afternoon",644.60114635,14.5,119,132,0,0
382,"1",0,"Normal",2019,508,2.609999895,110,382,6,"8/3/2024",8,4,"Morning",508.3820378,14.55,112,96,1,1
435,"1",0,"Scurred",2019,508,NA,119,435,1,"8/3/2024",8,4,"Morning",442.3020871,8.05,94,5,1,0
390,"0",1,"Normal",2019,508,1.139999986,109,390,9,"8/3/2024",8,4,"Afternoon",279.2332055,6.55,88,58,0,0
389,"1",1,"Polled",2019,508,1.220000029,109,389,9,"8/3/2024",8,4,"Afternoon",359.0435067,7.5,92,NA,0,0
357,"0",0,"Normal",2019,508,2.220000029,127,357,6,"8/3/2024",9,4,"Evening",589.1172917,16.2,113,115,0,0
379,"0",0,"Normal",2019,508,2.779999971,110,379,4,"8/3/2024",9,4,"Afternoon",529.7201989,15.1,118,114,0,NA
421,"0",0,"Normal",2019,508,2.970000029,109,421,7,"8/3/2024",9,4,"Evening",477.25374285,15.45,116,108,0,0
367,"0",0,"Normal",2019,508,2.589999914,117,367,3,"8/3/2024",9,4,"Evening",637.08053165,16.6,112,121,0,0
425,"0",0,"Normal",2019,508,2.809999943,104,425,5,"8/3/2024",9,4,"Evening",616.62205125,13.45,115,151,0,0
388,"0",0,"Normal",2019,508,3.400000095,115,388,5,"8/3/2024",9,4,"Afternoon",430.3000366,15.65,114,156,0,1
397,"1",1,"Normal",2019,508,2.099999905,107,397,5,"8/3/2024",9,4,"Morning",460.2439002,12.1,104,60,0,0
438,"1",0,"Scurred",2019,508,NA,122,438,5.456,"8/3/2024",9,4,"Evening",487.44823235,15.65,111,1,0,1
386,"0",0,"Scurred",2019,508,2.099999905,109,386,4,"8/3/2024",9,4,"Afternoon",487.4517458,13.55,111,9,0,0
377,"1",0,"Scurred",2019,508,2.529999971,112,377,3,"8/3/2024",9,4,"Afternoon",628.5230738,14.15,112,NA,1,1
401,"1",0,"Normal",2019,508,1.320000052,110,401,1,"8/3/2024",9,4,"Afternoon",296.76938155,7.5,92,50,0,NA
373,"0",0,"Normal",2019,508,2.299999952,118,373,5.456,"8/3/2024",9,4,"Afternoon",436.93899505,11.55,106,89,0,1
405,"1",0,"Scurred",2019,508,2.680000067,106,405,5,"8/3/2024",9,4,"Morning",461.33752975,13.45,106,27,1,0
406,"0",0,"Scurred",2019,508,3.200000048,112,406,6,"8/3/2024",9,4,"Evening",479.6382274,15.6,119,14,0,1
363,"0",0,"Normal",2019,508,2.430000067,122,363,5.456,"8/3/2024",9,4,"Afternoon",336.4543308,15.1,113,75,0,1
410,"0",0,"Normal",2019,508,2.380000114,105,410,4,"8/3/2024",9,4,"Morning",446.2168103,13.25,112,158,0,0
368,"0",0,"Normal",2019,508,2.910000086,115,368,5,"8/3/2024",9,4,"Afternoon",472.61248265,17.45,117,160,0,0
370,"0",0,"Normal",2019,508,2.660000086,118,370,4,"8/3/2024",9,4,"Afternoon",470.03634445,17.05,115,140,1,1
396,"1",1,"Normal",2019,508,2.089999914,107,396,5,"8/3/2024",9,4,"Morning",372.8760549,12.95,105,60,0,1
439,"0",0,"Scurred",2019,508,NA,122,439,3,"8/3/2024",9,4,"Evening",630.4352048,13.35,113,37,0,0
224,"0",0,"Scurred",2017,528,1.620000005,107,224,2,"8/3/2024",9,6,"Morning",385.4078962,10.1,98,21,0,0
225,"1",1,"Polled",2017,528,2,107,225,9,"8/3/2024",9,6,NA,293.926195,11.05,101,NA,0,NA
267,"0",0,"Normal",2017,528,NA,108,267,8,"8/3/2024",9,6,NA,433.5111012,15.5,117,98,0,NA
228,"1",0,"Polled",2017,528,2.670000076,107,228,9,"8/3/2024",9,6,"Afternoon",422.9044891,12.1,105,NA,1,0
276,"1",0,"Polled",2017,528,NA,127,276,6,"8/3/2024",9,6,"Evening",401.5026043,13.95,114,NA,0,0
231,"1",0,"Polled",2017,528,3.049999952,107,231,5,"8/3/2024",9,6,"Afternoon",349.80567195,15.7,118,NA,0,0
249,"0",0,"Normal",2017,528,2.900000095,103,249,4,"8/3/2024",9,6,"Morning",568.14887695,15.95,110,75,0,NA
274,"1",0,"Scurred",2017,528,NA,127,274,3,"8/3/2024",9,6,"Afternoon",611.30630335,8.2,104,1,0,0
271,"1",0,"Scurred",2017,528,NA,119,271,9,"8/3/2024",9,6,"Morning",584.6962643,12.05,110,NA,1,0
248,"1",0,"Normal",2017,528,2.289999962,112,248,5,"8/3/2024",9,6,"Afternoon",496.0458133,13.8,109,79,1,0
209,"1",0,"Polled",2017,528,1.909999967,120,209,9,"8/3/2024",9,6,"Morning",427.9504416,10.6,106,NA,0,NA
241,"0",0,"Scurred",2017,528,2.640000105,105,241,14,"8/3/2024",9,6,"Afternoon",455.53271885,12.45,111,33,0,0
190,"1",0,"Polled",2017,528,1.879999995,120,190,3,"8/3/2024",9,6,"Evening",521.71461045,13.3,109,NA,0,0
201,"1",0,"Scurred",2017,528,2.24000001,114,201,9,"8/3/2024",9,6,"Evening",372.41083315,11.5,107,4,0,0
254,"1",0,"Scurred",2017,528,2.019999981,102,254,2,"8/3/2024",9,6,"Morning",368.04246145,9.1,97,1,0,0
247,"0",0,"Normal",2017,528,2.349999905,104,247,2,"8/3/2024",9,6,"Morning",337.525399,10.8,106,40,0,0
264,"1",0,"Scurred",2017,528,NA,119,264,7,"8/3/2024",9,6,"Evening",623.74813945,11.25,NA,1,0,0
208,"0",0,"Normal",2017,528,2.339999914,121,208,5,"8/3/2024",9,6,"Morning",461.3404665,13.25,108,159,0,0
179,"1",0,"Polled",2017,528,2.210000038,122,179,5,"8/3/2024",10,6,"Afternoon",370.81198855,12.1,105,NA,1,0
222,"0",1,"Normal",2017,528,2.150000095,108,222,7,"8/3/2024",10,6,NA,311.13491865,7.9,97,119,0,NA
252,"0",0,"Normal",2017,528,3.049999952,112,252,3,"8/3/2024",10,6,"Morning",596.88913965,14.7,112,114,0,0
199,"1",0,"Polled",2017,528,2.460000038,122,199,5,"8/3/2024",10,6,"Morning",696.33527445,16.4,117,NA,1,0
237,"0",0,"Normal",2017,528,2.099999905,106,237,8,"8/3/2024",10,6,"Afternoon",523.96920195,9.4,96,34,0,0
268,"0",0,"Normal",2017,528,NA,109,268,2,"8/3/2024",10,6,NA,428.6106509,4.6,85,52,0,0
211,"1",1,"Polled",2017,528,2.150000095,112,211,6,"8/3/2024",10,6,"Evening",383.4025538,10.3,105,NA,0,0
256,"0",0,"Normal",2017,528,2.730000019,100,256,7,"8/3/2024",10,6,"Morning",539.6228687,12.4,105,99,0,NA
258,"0",1,"Scurred",2017,528,2.119999886,102,258,9,"8/3/2024",10,6,"Evening",300.9921416,8.05,100,24,NA,0
269,"0",0,"Normal",2017,528,NA,111,269,4,"8/3/2024",10,6,NA,1064.6299125,9.8,103,82,0,NA
273,"1",0,"Scurred",2017,528,NA,127,273,5.456,"8/3/2024",10,6,"Afternoon",544.79278245,14.15,108,NA,1,0
220,"1",0,"Scurred",2017,528,2.74000001,107,220,5,"8/3/2024",10,6,"Evening",598.3102093,10.3,99,2,0,0
189,"0",0,"Normal",2017,528,2.349999905,112,189,3,"8/3/2024",10,6,"Morning",636.05697215,14.15,101,123,0,NA
210,"0",0,"Normal",2017,528,2.859999895,112,210,9,"8/3/2024",10,6,"Afternoon",469.90099155,12.65,112,138,0,0
265,"1",1,NA,2017,528,NA,3,265,9,"8/3/2024",10,6,NA,802.13054455,2.45,NA,NA,0,NA
200,"1",0,"Normal",2017,528,1.820000052,120,200,4,"8/3/2024",10,6,"Evening",479.9031723,12.2,113,89,1,0
215,"0",0,"Normal",2017,528,3.599999905,111,215,8,"8/3/2024",10,6,"Evening",627.6260806,17,114,172,0,0
169,"1",0,"Normal",2017,528,2.099999905,121,169,4,"8/3/2024",10,6,"Afternoon",458.7381441,9.6,97,76,0,0
272,"0",0,"Scurred",2017,528,NA,124,272,5.456,"8/3/2024",10,6,"Morning",436.28934925,14.25,109,79,0,1
437,"0",0,"Scurred",2019,508,NA,122,437,5.456,"8/3/2024",10,4,"Evening",758.1639007,16.8,117,4,NA,NA
414,"0",0,"Scurred",2019,508,3.349999905,104,414,6,"8/3/2024",10,4,"Morning",671.319769,16.45,109,110,0,0
365,"0",1,"Normal",2019,508,2.380000114,117,365,6,"8/3/2024",10,4,"Evening",671.2181627,13.55,109,65,0,NA
413,"1",0,"Polled",2019,508,1.909999967,104,413,9,"8/3/2024",10,4,"Morning",468.35113825,10.85,107,NA,0,0
420,"1",1,"Polled",2019,508,1.919999957,103,420,7,"8/3/2024",10,4,"Afternoon",496.8618283,10.35,112,NA,0,0
411,"1",0,"Polled",2019,508,2.220000029,108,411,8,"8/3/2024",10,4,"Evening",499.1449125,12.75,112,NA,0,1
374,"1",0,"Normal",2019,508,2,111,374,3,"8/3/2024",10,4,"Afternoon",414.135072,10.35,100,75,0,0
394,"0",0,"Normal",2019,508,2.180000067,107,394,3,"8/3/2024",10,4,"Morning",683.2892144,12.3,108,180,1,1
359,"1",0,"Normal",2019,508,2.400000095,121,359,6,"8/3/2024",10,4,"Afternoon",505.9768761,14.5,111,10,1,1
212,"1",1,"Scurred",2017,528,1.720000029,112,212,6,"8/3/2024",10,6,"Evening",266.27063055,8.55,94,1,0,0
216,"0",0,"Normal",2017,528,2.799999952,108,216,4,"8/3/2024",10,6,"Afternoon",877.8400883,16.15,122,163,0,0
192,"1",0,"Scurred",2017,528,2.799999952,122,192,5,"8/3/2024",10,6,"Morning",744.0779815,16.2,114,2,1,0
257,"0",0,"Scurred",2017,528,2.349999905,103,257,5,"8/3/2024",10,6,"Evening",594.03293655,12.35,110,41,0,0
251,"1",0,"Scurred",2017,528,2.730000019,106,251,7,"8/3/2024",10,6,"Evening",614.5490403,12.2,111,2,0,0
167,"0",0,"Normal",2017,528,2.505000114,121,167,8,"8/3/2024",10,6,"Afternoon",707.0475908,17.15,105,124,0,0
233,"1",0,"Scurred",2017,528,2.299999952,106,233,4,"8/3/2024",10,6,"Morning",518.7840882,14,108,NA,1,0
239,"0",1,"Normal",2017,528,1.669999957,114,239,9,"8/3/2024",10,6,"Evening",249.5782818,9.75,98,98,0,0
16,"1",0,"Scurred",2014,482,2.25,106,16,6,"10/3/2024",11,9,"Morning",626.488051,12.4,116,3,0,0
14,"0",0,"Scurred",2014,482,2.339999914,117,14,4,"10/3/2024",11,9,"Morning",644.18556505,15.5,113,18,0,1
8,"1",0,"Polled",2014,482,2.099999905,109,8,8,"10/3/2024",11,9,"Morning",504.66564535,10.8,104,NA,1,0
17,"0",0,"Normal",2014,482,2.779999971,111,17,6,"10/3/2024",11,9,"Evening",634.0621937,16.25,112,164,1,0
13,"0",0,"Normal",2014,482,2.5,108,13,4,"10/3/2024",11,9,"Afternoon",428.5952345,12.9,105,136,0,0
4,"1",1,"Scurred",2014,482,NA,110,4,5,"10/3/2024",11,9,"Morning",252.7459204,9.8,91,1,1,1
15,"0",0,"Normal",2014,482,2.950000048,106,15,5,"10/3/2024",11,9,"Afternoon",590.68364915,18.7,120,126,0,1
11,"1",0,"Scurred",2014,482,2.299999952,108,11,3,"10/3/2024",11,9,"Afternoon",585.15818575,11.5,99,1,0,1
27,"0",0,"Normal",2014,482,NA,105,27,4,"10/3/2024",11,9,"Evening",754.6241515,18.25,121,147,0,0
21,"1",0,"Polled",2014,482,2.700000048,103,21,11,"10/3/2024",11,9,"Morning",762.1315847,13.5,102,1,1,0
19,"0",1,"Normal",2014,482,2,114,19,6,"10/3/2024",11,9,"Morning",563.20167435,13.35,111,54,0,0
6,"0",1,"Normal",2014,482,1.649999976,109,6,6,"10/3/2024",11,9,"Morning",485.52388595,10.3,102,77,0,0
12,"0",0,"Scurred",2014,482,2.619999886,118,12,7,"10/3/2024",11,9,"Morning",602.8417099,14.8,115,22,0,0
23,"0",0,"Normal",2014,482,2.420000076,106,23,6,"10/3/2024",11,9,"Morning",522.21656915,14.5,111,127,0,0
29,"1",0,"Polled",2014,482,NA,103,29,6,"10/3/2024",11,9,NA,383.1924545,14.8,119,NA,0,NA
22,"0",0,"Normal",2014,482,2.880000114,106,22,2,"10/3/2024",11,9,"Morning",356.50928275,9.8,95,111,0,NA
171,"1",0,"Scurred",2017,528,2.150000095,124,171,5.456,"10/3/2024",11,6,"Afternoon",573.2577082,13.35,106,1,0,1
260,"1",0,"Polled",2017,528,NA,113,260,7,"10/3/2024",11,6,"Morning",444.7059034,13.05,113,NA,0,NA
198,"1",0,"Scurred",2017,528,2.019999981,122,198,5.456,"10/3/2024",11,6,"Morning",396.23524085,11.1,108,2,0,0
238,"1",0,"Normal",2017,528,2.680000067,116,238,4,"10/3/2024",11,6,"Morning",410.919273,13.85,115,77,1,0
246,"0",0,"Normal",2017,528,2.460000038,114,246,9,"10/3/2024",11,6,"Morning",391.39502555,10.5,103,93,0,0
240,"1",1,"Normal",2017,528,1.5,114,240,9,"10/3/2024",11,6,"Evening",214.16570895,6.7,95,43,0,NA
255,"1",0,"Scurred",2017,528,2.099999905,110,255,4,"10/3/2024",11,6,"Afternoon",477.68896115,13.95,115,1,0,0
213,"0",0,"Normal",2017,528,2.75999999,117,213,5,"10/3/2024",11,6,"Evening",814.82528495,15.75,113,166,0,0
185,"0",0,"Normal",2017,528,2.980000019,123,185,5.456,"10/3/2024",11,6,"Morning",518.33972765,16.05,115,168,0,NA
219,"1",0,"Polled",2017,528,2.230000019,113,219,5,"10/3/2024",11,6,"Morning",465.3381524,12.7,108,NA,0,0
218,"0",0,"Normal",2017,528,2.549999952,116,218,4,"10/3/2024",11,6,"Evening",571.6091083,15.05,119,162,0,0
346,"0",0,"Normal",2018,378,NA,119,346,4,"10/3/2024",11,5,"Afternoon",821.81751685,5.65,90,22,0,1
305,"1",0,"Normal",2018,378,2.599999905,114,305,5.456,"10/3/2024",11,5,"Morning",542.90230535,14.4,108,93,1,1
308,"0",0,"Normal",2018,378,1.49000001,109,308,5,"10/3/2024",11,5,NA,670.5660329,11.2,102,124,0,NA
76,"1",0,"Scurred",2015,513,NA,109,76,3,"10/3/2024",12,8,NA,776.80635395,13.2,108,1,0,0
41,"1",0,"Scurred",2015,513,1.5,103,41,3,"10/3/2024",12,8,"Evening",657.97453725,10.75,105,8,0,0
40,"0",0,"Normal",2015,513,2.690000057,106,40,4,"10/3/2024",12,8,NA,619.1857808,12.65,111,145,0,0
74,"0",0,"Normal",2015,513,NA,99,74,7,"10/3/2024",12,8,NA,367.54756145,9.7,103,48,0,NA
36,"0",0,"Normal",2015,513,2.349999905,111,36,5,"10/3/2024",12,8,"Evening",419.0644955,13.95,110,125,1,0
37,"0",0,"Normal",2015,513,2,117,37,3,"10/3/2024",12,8,"Afternoon",586.5784133,11.5,102,118,0,0
45,"0",0,"Normal",2015,513,2.549999952,102,45,5,"10/3/2024",12,8,"Evening",710.71560095,14.95,119,105,1,0
73,"0",0,"Normal",2015,513,NA,65,73,7,"10/3/2024",12,8,NA,423.1160272,13,108,70,0,0
60,"1",0,"Polled",2015,513,2.150000095,101,60,8,"10/3/2024",12,8,"Afternoon",500.2805107,10.5,101,NA,0,NA
68,"1",0,"Polled",2015,513,NA,72,68,7,"10/3/2024",12,8,NA,106.68995705,6.4,NA,NA,0,0
33,"1",0,"Polled",2015,513,1.899999976,116,33,8,"10/3/2024",12,8,"Morning",463.17386815,11.55,106,NA,0,NA
38,"1",0,"Polled",2015,513,1.700000048,109,38,10,"10/3/2024",12,8,"Afternoon",293.9545802,5.75,88,NA,0,0
47,"1",0,"Scurred",2015,513,1.649999976,110,47,5,"10/3/2024",12,8,"Afternoon",590.73159395,12,103,NA,1,0
42,"1",0,"Polled",2015,513,1.700000048,103,42,7,"10/3/2024",12,8,"Morning",392.496064,10.8,106,NA,0,0
75,"0",0,"Normal",2015,513,NA,74,75,9,"10/3/2024",12,8,NA,642.81242905,12.6,110,78,NA,0
65,"0",1,"Normal",2015,513,1.710000038,105,65,6,"10/3/2024",12,8,"Evening",359.83176185,7.65,96,56,0,0
32,"0",0,"Normal",2015,513,2.049999952,131,32,4,"10/3/2024",12,8,"Afternoon",423.1112385,12.6,103,94,0,0
71,"1",0,"Polled",2015,513,NA,95,71,3,"10/3/2024",12,8,NA,609.4601059,11.4,NA,NA,0,1
655,"1",0,"Normal",2022,510,2.180000067,103,655,2,"10/3/2024",12,1,"Morning",476.80738025,9.25,104,82,0,1
620,"0",0,"Normal",2022,510,1.789999962,117,620,4,"10/3/2024",12,1,"Evening",416.93152515,10.85,107,124,0,0
628,"0",1,"Normal",2022,510,1.809999943,115,628,4,"10/3/2024",12,1,"Afternoon",407.8461593,8.3,98,104,0,1
643,"0",0,"Normal",2022,510,2.430000067,107,643,7,"10/3/2024",12,1,"Afternoon",569.24819895,14.7,113,123,0,0
640,"1",0,"Polled",2022,510,2.75,115,640,4,"10/3/2024",12,1,"Morning",545.1013206,13.6,114,NA,1,0
596,"1",0,"Normal",2022,510,2.299999952,125,596,7,"10/3/2024",12,1,"Morning",376.6582653,12.55,105,98,0,1
608,"1",0,"Scurred",2022,510,1.899999976,121,608,3,"10/3/2024",12,1,"Morning",355.23246045,10.95,105,1,0,1
654,"1",0,"Polled",2022,510,2.289999962,103,654,2,"10/3/2024",12,1,"Morning",328.1960477,10.15,102,NA,0,1
600,"1",0,"Scurred",2022,510,2.220000029,123,600,4,"10/3/2024",12,1,"Morning",391.84317295,12,110,32,0,1
618,"0",0,"Normal",2022,510,2.089999914,118,618,5.456,"10/3/2024",12,1,"Afternoon",500.3158243,11.95,107,148,0,0
604,"1",0,"Scurred",2022,510,2.150000095,120,604,7,"10/3/2024",12,1,"Afternoon",502.92761675,10.6,105,2,0,1
662,"1",0,"Scurred",2022,510,NA,120,662,2,"10/3/2024",12,1,"Morning",483.89374375,10.95,103,1,0,1
629,"1",0,"Polled",2022,510,2.269999981,112,629,4,"10/3/2024",12,1,"Morning",548.20035825,12.35,109,NA,0,1
630,"1",0,"Polled",2022,510,2.180000067,114,630,3,"10/3/2024",12,1,"Morning",581.4466185,11.15,106,NA,0,0
631,"0",0,"Normal",2022,510,1.75999999,110,631,12,"10/3/2024",12,1,"Afternoon",579.83020625,11.7,104,99,0,0
592,"1",0,"Normal",2022,510,1.649999976,122,592,9,"10/3/2024",12,1,"Morning",448.53794655,10.55,102,98,0,1
635,"1",0,"Polled",2022,510,2.710000038,108,635,3,"10/3/2024",12,1,"Morning",387.43079595,12.1,105,NA,0,1
624,"0",0,"Normal",2022,510,2.339999914,111,624,4,"10/3/2024",12,1,"Afternoon",475.04572575,12.8,110,148,0,0
638,"1",1,"Scurred",2022,510,2.109999895,103,638,4,"10/3/2024",12,1,"Afternoon",406.3454886,10.05,103,NA,0,1
286,"0",0,"Normal",2018,378,1.580000043,113,286,4,"10/3/2024",13,5,"Evening",735.0023525,12.35,102,117,0,0
296,"1",0,"Polled",2018,378,1.679999948,111,296,3,"10/3/2024",13,5,NA,630.26372045,11.55,99,NA,1,1
290,"1",0,"Scurred",2018,378,1.970000029,112,290,5,"10/3/2024",13,5,"Evening",576.4066388,12.15,103,4,1,1
343,"0",0,"Normal",2018,378,2.430000067,102,343,5,"10/3/2024",13,5,NA,541.08482495,12.85,109,102,0,0
350,"0",0,"Normal",2018,378,NA,123,350,7,"10/3/2024",13,5,"Morning",586.89574105,NA,110,173,1,0
323,"0",0,"Normal",2018,378,1.860000014,107,323,6,"10/3/2024",13,5,NA,609.9352961,10.95,99,62,0,1
306,"1",0,"Scurred",2018,378,1.980000019,110,306,6,"10/3/2024",13,5,"Evening",463.9270766,13.8,113,1,1,1
354,"1",0,"Scurred",2018,378,NA,128,354,6,"10/3/2024",13,5,"Morning",415.2192454,14.4,117,2,1,1
284,"0",0,"Normal",2018,378,2.279999971,113,284,6,"10/3/2024",13,5,"Afternoon",651.7169202,15.95,115,121,0,1
328,"0",0,"Normal",2018,378,2.720000029,106,328,8,"10/3/2024",13,5,NA,678.65144455,16.35,121,96,0,1
319,"1",0,"Normal",2018,378,2.5,107,319,3,"10/3/2024",13,5,"Evening",625.7905663,15.5,113,25,1,1
352,"1",0,"Polled",2018,378,NA,123,352,4,"10/3/2024",13,5,"Morning",1075.736213,NA,95,NA,0,1
315,"1",0,"Polled",2018,378,1.940000057,117,315,4,"10/3/2024",13,5,"Morning",495.060222,13,108,NA,1,0
322,"1",0,"Normal",2018,378,2.019999981,110,322,10,"10/3/2024",13,5,"Afternoon",550.02895895,13.05,113,75,1,1
335,"1",0,"Polled",2018,378,2.119999886,104,335,10,"10/3/2024",13,5,NA,452.5719732,11.6,107,NA,0,0
277,"1",1,"Polled",2018,378,1.5,121,277,5,"10/3/2024",13,5,NA,499.597697,12.65,108,NA,1,1
283,"0",0,"Normal",2018,378,2,124,283,5,"10/3/2024",13,5,"Morning",481.29569235,11.85,107,107,0,1
317,"0",0,"Normal",2018,378,1.820000052,112,317,3,"10/3/2024",13,5,"Afternoon",514.6861325,11.3,106,111,0,0
327,"1",1,"Polled",2018,378,1.74000001,108,327,6,"10/3/2024",13,5,"Evening",626.5294669,10.35,103,NA,1,0
483,"0",0,"Normal",2020,502,NA,129,483,5.456,"10/3/2024",13,3,"Afternoon",535.0248785,15.4,109,141,0,1
469,"1",0,"Polled",2020,502,NA,127,469,2,"10/3/2024",13,3,"Afternoon",525.25520335,11.25,110,NA,0,0
470,"1",0,"Scurred",2020,502,NA,127,470,7,"10/3/2024",13,3,"Morning",601.87406815,15.2,114,1,0,1
467,"1",1,"Scurred",2020,502,NA,122,467,5,"10/3/2024",13,3,"Morning",774.07809165,13.25,109,NA,0,1
486,"0",0,"Normal",2020,502,NA,129,486,5.456,"10/3/2024",13,3,"Afternoon",521.50018515,15.75,104,192,NA,1
440,"0",0,"Normal",2020,502,2.700000048,118,440,6,"10/3/2024",13,3,"Afternoon",476.86168735,13.8,109,121,0,1
489,"0",0,"Scurred",2020,502,NA,129,489,4,"10/3/2024",13,3,"Morning",632.4498878,14.45,114,33,0,0
478,"1",1,"Polled",2020,502,NA,117,478,8,"10/3/2024",13,3,"Afternoon",746.09220575,11.4,114,NA,1,0
472,"1",0,"Polled",2020,502,NA,122,472,2,"10/3/2024",13,3,"Morning",356.8457421,8.1,106,NA,0,0
484,"0",0,"Normal",2020,502,NA,129,484,5.456,"10/3/2024",13,3,"Afternoon",559.89026505,15.85,112,172,0,1
460,"1",1,"Polled",2020,502,NA,129,460,7,"10/3/2024",13,3,"Morning",569.62170305,10.8,106,NA,0,0
479,"0",0,"Normal",2020,502,NA,128,479,5.456,"10/3/2024",13,3,"Morning",516.21881385,13.9,103,160,0,1
481,"0",0,"Normal",2020,502,NA,128,481,6,"10/3/2024",13,3,"Afternoon",790.36989605,18.95,121,194,0,1
448,"0",1,"Normal",2020,502,2.50999999,107,448,8,"10/3/2024",13,3,"Afternoon",489.75606525,10.15,105,110,0,1
475,"0",0,"Normal",2020,502,NA,125,475,2,"10/3/2024",13,3,"Afternoon",442.67800255,11.25,105,117,0,1
463,"1",0,"Normal",2020,502,NA,128,463,5.456,"10/3/2024",13,3,"Morning",691.29458045,13,113,70,1,1
447,"1",1,"Scurred",2020,502,2.279999971,108,447,4,"10/3/2024",13,3,"Afternoon",376.86607395,9.5,102,NA,1,1
461,"0",0,"Normal",2020,502,NA,129,461,4,"10/3/2024",13,3,"Morning",734.18295555,16.5,116,102,1,1
471,"1",0,"Polled",2020,502,NA,126,471,10,"10/3/2024",13,3,"Afternoon",435.82614545,12.6,109,NA,1,0
650,"0",1,"Normal",2022,510,1.700000048,110,650,4,"10/3/2024",14,1,"Afternoon",332.7287583,9.4,97,74,0,0
647,"1",0,"Polled",2022,510,2.390000105,106,647,4,"10/3/2024",14,1,"Morning",355.04889045,12.4,111,NA,0,1
619,"0",0,"Scurred",2022,510,2.049999952,111,619,4,"10/3/2024",14,1,"Morning",477.4058557,12.85,106,41,0,0
594,"1",0,"Scurred",2022,510,1.340000033,123,594,2,"10/3/2024",14,1,"Afternoon",202.990874,7.55,92,17,0,0
621,"0",0,"Normal",2022,510,2.400000095,117,621,3,"10/3/2024",14,1,"Afternoon",432.42672135,12.9,111,126,NA,0
634,"0",0,"Scurred",2022,510,2.910000086,117,634,5,"10/3/2024",14,1,"Morning",432.0641392,14.15,117,15,0,0
664,"0",0,"Scurred",2022,510,NA,122,664,2,"10/3/2024",14,1,"Morning",526.3105358,8.55,107,22,0,0
591,"0",0,"Normal",2022,510,2.00999999,124,591,4,"10/3/2024",14,1,"Morning",411.009202,14.3,108,141,0,1
605,"0",0,"Normal",2022,510,2.029999971,114,605,6,"10/3/2024",14,1,"Morning",393.7307599,12.8,110,151,0,1
646,"0",0,"Normal",2022,510,2.5,106,646,4,"10/3/2024",14,1,"Morning",417.91479985,12.6,110,153,0,0
607,"1",0,"Polled",2022,510,2.220000029,116,607,6,"10/3/2024",14,1,"Morning",349.60485995,12.5,110,NA,1,1
601,"0",0,"Normal",2022,510,2.299999952,121,601,8,"10/3/2024",14,1,"Evening",195.7049699,8.8,99,101,0,0
613,"0",0,"Normal",2022,510,1.480000019,114,613,3,"10/3/2024",14,1,"Morning",278.2096622,10.4,100,134,0,0
669,"0",0,"Normal",2022,510,NA,128,669,2,"10/3/2024",14,1,"Morning",371.6030115,6.7,97,66,0,1
668,"1",0,"Polled",2022,510,NA,128,668,5.456,"10/3/2024",14,1,"Morning",204.8896861,7.65,93,NA,0,0
663,"1",0,"Scurred",2022,510,NA,122,663,2,"10/3/2024",14,1,"Morning",219.59016825,9.1,97,NA,0,1
632,"1",0,"Polled",2022,510,1.649999976,111,632,4,"10/3/2024",14,1,"Morning",325.4642359,11.5,105,NA,0,1
660,"0",0,"Normal",2022,510,NA,91,660,9,"10/3/2024",14,1,"Morning",485.82658235,10.25,106,131,0,0
603,"1",0,"Polled",2022,510,2.619999886,114,603,4,"10/3/2024",14,1,"Morning",363.3601913,13.05,114,NA,0,1
625,"1",0,"Polled",2022,510,2.470000029,112,625,7,"10/3/2024",14,1,"Morning",449.21289315,12.15,110,NA,0,1
321,"0",0,"Normal",2018,378,2.279999971,112,321,7,"10/3/2024",14,5,"Afternoon",481.4804016,15,113,196,1,1
285,"0",0,"Normal",2018,378,1.950000048,113,285,6,"10/3/2024",14,5,NA,342.4772297,10.7,97,109,0,0
287,"1",0,"Polled",2018,378,1.620000005,113,287,3,"10/3/2024",14,5,"Evening",442.7539602,10.95,104,NA,1,0
329,"1",0,"Scurred",2018,378,2.74000001,115,329,5,"10/3/2024",14,5,"Morning",308.0835859,14.95,114,1,1,1
298,"1",0,"Scurred",2018,378,1.940000057,110,298,5,"10/3/2024",14,5,NA,448.1279862,13.6,111,NA,1,1
311,"1",0,"Scurred",2018,378,2.579999924,109,311,7,"10/3/2024",14,5,"Evening",447.7075404,15.65,114,15,1,1
281,"0",0,"Normal",2018,378,2.549999952,111,281,5.456,"10/3/2024",14,5,"Morning",386.1159149,12.45,110,88,0,0
342,"1",0,"Scurred",2018,378,2.609999895,104,342,8,"10/3/2024",14,5,"Evening",438.11458715,12.5,111,4,1,0
289,"0",1,"Normal",2018,378,1.850000024,113,289,9,"10/3/2024",14,5,"Evening",609.4759248,11.9,106,143,1,1
304,"1",0,"Normal",2018,378,2.369999886,114,304,3,"10/3/2024",14,5,"Morning",437.71354125,11.85,111,85,1,1
282,"0",0,"Normal",2018,378,2.099999905,115,282,10,"10/3/2024",14,5,"Evening",468.42962955,14,111,86,0,0
313,"1",0,"Polled",2018,378,1.320000052,108,313,9,"10/3/2024",14,5,NA,555.03483715,12.25,105,NA,1,1
341,"0",0,"Normal",2018,378,2.069999933,104,341,8,"10/3/2024",14,5,"Evening",505.00642145,10.7,108,115,0,1
294,"0",0,"Normal",2018,378,2.319999933,112,294,6,"10/3/2024",14,5,"Evening",551.85448305,13.8,113,120,0,NA
337,"1",0,"Scurred",2018,378,2.640000105,104,337,5,"10/3/2024",14,5,NA,502.2965612,13.35,109,NA,0,1
351,"0",0,"Normal",2018,378,NA,123,351,5,"10/3/2024",14,5,"Morning",597.20137905,15.2,113,167,0,1
310,"1",1,"Scurred",2018,378,1.379999995,113,310,5.456,"10/3/2024",14,5,"Morning",364.51083125,8.2,98,3,0,1
340,"1",0,"Scurred",2018,378,2.099999905,108,340,5.456,"10/3/2024",14,5,"Morning",352.9595223,13.15,111,1,0,1
356,"1",0,"Polled",2018,378,NA,123,356,4,"10/3/2024",14,5,"Morning",636.4693364,11.4,107,NA,1,1
441,"0",1,"Normal",2020,502,1.960000038,121,441,8,"11/3/2024",15,3,"Afternoon",434.5176724,14.2,111,113,0,0
450,"1",0,"Polled",2020,502,3.950000048,106,450,2,"11/3/2024",15,3,"Afternoon",566.99667355,11.6,110,NA,1,1
482,"0",0,"Normal",2020,502,NA,129,482,5.456,"11/3/2024",15,3,"Afternoon",417.6201565,15.9,111,160,NA,1
480,"1",0,"Normal",2020,502,NA,128,480,8,"11/3/2024",15,3,"Afternoon",381.1505036,13.25,104,117,0,1
477,"0",0,"Normal",2020,502,NA,123,477,4,"11/3/2024",15,3,"Afternoon",478.6191387,16.95,113,165,0,1
446,"1",1,"Scurred",2020,502,2.309999943,108,446,4,"11/3/2024",15,3,"Afternoon",316.10632045,9.1,99,2,0,1
443,"1",0,"Scurred",2020,502,2.859999895,115,443,5,"11/3/2024",15,3,"Afternoon",379.0100083,12.45,115,1,1,1
466,"1",0,"Polled",2020,502,NA,122,466,5,"11/3/2024",15,3,"Afternoon",412.555176,11.8,106,NA,1,0
444,"0",0,"Normal",2020,502,4.050000191,109,444,4,"11/3/2024",15,3,"Afternoon",545.3436824,18,120,202,0,0
485,"0",0,"Normal",2020,502,NA,129,485,5.456,"11/3/2024",15,3,"Afternoon",556.06089885,14.25,111,170,NA,NA
459,"0",0,"Normal",2020,502,NA,130,459,3,"11/3/2024",15,3,"Morning",361.98680845,14.8,112,140,0,1
488,"1",1,"Scurred",2020,502,NA,131,488,6,"11/3/2024",15,3,"Afternoon",426.0713186,13.7,107,2,0,1
449,"0",1,"Normal",2020,502,2.529999971,107,449,8,"11/3/2024",15,3,"Afternoon",443.3628723,10.15,106,87,0,1
455,"1",0,"Scurred",2020,502,NA,133,455,5,"11/3/2024",15,3,"Afternoon",211.05907705,13.5,113,NA,0,1
473,"1",0,"Polled",2020,502,NA,127,473,7,"11/3/2024",15,3,"Evening",370.93403695,16,114,NA,0,1
453,"1",0,"Normal",2020,502,NA,135,453,3,"11/3/2024",15,3,"Afternoon",281.0968747,10.05,98,80,0,1
445,"0",1,"Normal",2020,502,3.049999952,108,445,6,"11/3/2024",15,3,"Afternoon",398.57504385,14.3,111,91,0,0
458,"1",0,"Polled",2020,502,NA,130,458,5,"11/3/2024",15,3,"Morning",379.01677145,14.45,113,NA,1,0
457,"0",0,"Normal",2020,502,NA,130,457,5.456,"11/3/2024",15,3,"Morning",334.6022823,10.4,103,94,0,0
452,"0",0,"Normal",2020,502,NA,140,452,6,"11/3/2024",15,3,"Morning",510.81072685,14.7,106,117,0,0
616,"1",0,"Scurred",2022,510,2.049999952,113,616,4,"11/3/2024",15,1,"Morning",379.45706605,12,110,NA,1,0
641,"0",0,"Normal",2022,510,1.789999962,109,641,4,"11/3/2024",15,1,"Morning",325.1329495,8.85,100,140,0,0
627,"0",1,"Normal",2022,510,1.190000057,115,627,4,"11/3/2024",15,1,"Afternoon",55.53041503,5.55,82,42,0,0
623,"0",0,"Normal",2022,510,1.840000033,117,623,3,"11/3/2024",15,1,"Afternoon",364.1212186,8.6,100,78,NA,1
659,"1",0,"Scurred",2022,510,NA,99,659,8,"11/3/2024",15,1,"Morning",379.0337978,11.25,105,2,1,1
665,"1",0,"Scurred",2022,510,NA,122,665,5.456,"11/3/2024",15,1,"Afternoon",348.72719025,15.1,102,6,0,1
633,"1",1,"Normal",2022,510,1.710000038,115,633,5,"11/3/2024",15,1,"Afternoon",459.3579344,12.25,107,90,0,0
615,"1",0,"Polled",2022,510,2.349999905,112,615,10,"11/3/2024",15,1,"Morning",278.06764345,8.75,101,NA,0,0
597,"1",0,"Polled",2022,510,2,116,597,3,"11/3/2024",15,1,"Afternoon",443.3686386,12,107,NA,1,1
649,"1",0,"Polled",2022,510,2.299999952,104,649,3,"11/3/2024",15,1,"Morning",452.20389625,9.95,104,NA,0,1
648,"1",0,"Polled",2022,510,2.029999971,106,648,7,"11/3/2024",15,1,"Morning",133.0423485,5.3,90,NA,0,0
656,"1",0,"Scurred",2022,510,3.650000095,109,656,10,"11/3/2024",15,1,"Morning",470.26721835,11.65,107,2,0,0
609,"1",0,"Normal",2022,510,1.620000005,115,609,3,"11/3/2024",15,1,"Morning",416.36084895,10.2,103,74,0,0
636,"0",0,"Normal",2022,510,2.869999886,110,636,8,"11/3/2024",15,1,"Morning",403.21296875,15.45,115,145,0,1
610,"0",1,"Normal",2022,510,1.779999971,113,610,6,"11/3/2024",15,1,"Afternoon",581.90387635,11.55,107,57,0,1
642,"1",0,"Polled",2022,510,1.820000052,107,642,3,"11/3/2024",15,1,"Afternoon",372.2213448,10.6,107,NA,1,1
667,"0",0,"Scurred",2022,510,NA,126,667,1,"11/3/2024",15,1,"Evening",327.30250775,6.8,95,24,0,0
658,"1",0,"Scurred",2022,510,NA,93,658,6,"11/3/2024",15,1,"Afternoon",409.5899723,10.3,103,5,0,0
612,"0",0,"Normal",2022,510,2.339999914,118,612,4,"11/3/2024",15,1,"Evening",553.3086728,12.5,114,107,0,0
318,"0",0,"Scurred",2018,378,2.619999886,112,318,8,"11/3/2024",16,5,"Morning",459.4535802,14.05,114,NA,0,1
307,"0",0,"Normal",2018,378,1.480000019,111,307,6,"11/3/2024",16,5,"Afternoon",610.14701675,13.8,111,101,0,1
314,"1",0,"Scurred",2018,378,2.319999933,110,314,6,"11/3/2024",16,5,"Afternoon",528.94950205,14,116,NA,0,1
309,"1",1,"Scurred",2018,378,1.299999952,113,309,5.456,"11/3/2024",16,5,"Morning",511.3403887,9,97,1,0,1
302,"0",0,"Normal",2018,378,1.389999986,110,302,8,"11/3/2024",16,5,"Evening",619.55251325,11.5,103,100,0,0
330,"1",0,"Polled",2018,378,2.069999933,108,330,7,"11/3/2024",16,5,"Afternoon",438.0308142,12.2,108,NA,1,1
295,"0",0,"Normal",2018,378,1.950000048,111,295,11,"11/3/2024",16,5,NA,340.4187692,10.7,104,101,0,0
300,"0",0,"Normal",2018,378,1.629999995,110,300,3,"11/3/2024",16,5,NA,416.55430575,11.45,101,91,0,1
348,"0",0,"Normal",2018,378,NA,119,348,8,"11/3/2024",16,5,"Evening",501.07709265,15.25,113,93,0,1
288,"0",0,"Normal",2018,378,2.25999999,113,288,5,"11/3/2024",16,5,NA,624.22546775,15.1,116,99,0,NA
334,"0",1,"Normal",2018,378,2.089999914,105,334,4,"11/3/2024",16,5,"Evening",449.6281158,8.75,99,82,NA,NA
336,"0",1,"Normal",2018,378,1.710000038,105,336,5.456,"11/3/2024",16,5,NA,601.22497435,13.8,109,123,0,0
279,"0",0,"Normal",2018,378,2.200000048,122,279,6,"11/3/2024",16,5,"Morning",300.9488947,11.4,105,67,0,1
299,"1",0,"Scurred",2018,378,1.74000001,110,299,3,"11/3/2024",16,5,NA,403.21868785,8.8,97,1,0,1
324,"0",1,"Scurred",2018,378,1.320000052,116,324,7,"11/3/2024",16,5,"Morning",444.7042721,11.95,106,27,0,1
349,"1",0,"Normal",2018,378,NA,121,349,9,"11/3/2024",16,5,"Afternoon",576.93509595,13.3,114,96,1,1
316,"0",0,"Normal",2018,378,1.649999976,108,316,2,"11/3/2024",16,5,NA,467.19701965,11.4,106,72,0,1
338,"1",0,"Scurred",2018,378,1.480000019,108,338,2,"11/3/2024",16,5,"Morning",318.86469165,9.45,96,NA,0,1
320,"1",0,"Normal",2018,378,2.049999952,107,320,4,"11/3/2024",16,5,"Evening",491.9431919,12,109,102,1,0
339,"1",0,"Scurred",2018,378,2.529999971,97,339,6,"11/3/2024",16,5,"Evening",595.04501715,12.15,112,NA,1,1
280,"1",0,"Scurred",2018,378,2,125,280,4,"11/3/2024",16,5,"Morning",386.46166425,13.15,104,NA,1,1
70,"1",0,"Polled",2015,513,NA,94,70,9,"11/3/2024",16,8,NA,492.2298149,11.8,NA,NA,0,0
61,"1",0,"Polled",2015,513,2.349999905,98,61,5,"11/3/2024",16,8,"Evening",378.02631475,11.15,109,NA,0,0
48,"1",1,"Polled",2015,513,1.409999967,103,48,7,"11/3/2024",16,8,"Afternoon",327.120963,5.9,89,NA,0,0
54,"1",0,"Polled",2015,513,2.099999905,98,54,8,"11/3/2024",16,8,"Afternoon",593.0148515,10.45,105,NA,0,NA
52,"1",0,"Polled",2015,513,2.339999914,99,52,7,"11/3/2024",16,8,"Evening",546.88873745,11.2,109,NA,0,0
34,"0",0,"Normal",2015,513,2.74000001,110,34,6,"11/3/2024",16,8,"Afternoon",631.9972631,17.05,113,187,0,0
43,"1",0,"Scurred",2015,513,1.700000048,103,43,3,"11/3/2024",16,8,"Afternoon",414.09622905,10.2,100,2,0,1
56,"1",1,"Scurred",2015,513,1.75,98,56,7,"11/3/2024",16,8,"Afternoon",194.1232348,7.3,101,1,0,0
51,"0",0,"Normal",2015,513,2.299999952,102,51,7,"11/3/2024",16,8,"Afternoon",575.3623763,14.15,110,155,0,0
72,"0",0,NA,2015,513,4.449999809,0,72,7,"11/3/2024",16,8,NA,783.72970145,4.45,NA,NA,0,NA
476,"0",1,"Normal",2020,502,NA,123,476,7,"11/3/2024",16,3,NA,427.67268895,10.65,105,147,0,0
468,"1",1,"Scurred",2020,502,NA,122,468,5,"11/3/2024",16,3,"Morning",470.81408995,12.55,110,NA,1,1
456,"1",0,"Normal",2020,502,NA,132,456,2,"11/3/2024",16,3,"Morning",380.12306595,12.25,111,96,0,1
451,"0",1,"Normal",2020,502,2.670000076,106,451,10,"11/3/2024",16,3,"Afternoon",433.57712865,10.8,106,61,0,0
462,"0",0,"Normal",2020,502,NA,128,462,6,"11/3/2024",16,3,"Morning",540.13081265,15.7,111,121,0,1
464,"1",0,"Scurred",2020,502,NA,128,464,2,"11/3/2024",16,3,"Evening",372.51108565,11.5,104,NA,1,0
487,"0",0,"Normal",2020,502,NA,129,487,5.456,"11/3/2024",16,3,"Morning",524.9687754,14.3,114,169,0,NA
474,"0",0,"Normal",2020,502,NA,126,474,5.456,"11/3/2024",16,3,"Morning",511.3420952,12.65,111,94,0,1
661,"0",0,"Scurred",2022,510,NA,33,661,6,"11/3/2024",17,1,"Morning",819.53606405,7.2,103,13,0,1
639,"0",0,"Normal",2022,510,1.799999952,108,639,3,"11/3/2024",17,1,"Morning",141.28958055,7.05,95,56,0,0
637,"0",0,"Normal",2022,510,2.789999962,114,637,7,"11/3/2024",17,1,"Evening",381.4593949,12.65,106,125,0,1
645,"1",0,"Scurred",2022,510,2.220000029,108,645,3,"11/3/2024",17,1,"Morning",374.3999885,11.1,109,1,0,1
626,"1",0,"Normal",2022,510,2.039999962,108,626,4,"11/3/2024",17,1,"Morning",336.63813975,10.75,108,66,0,0
614,"0",0,"Normal",2022,510,2.599999905,118,614,5,"11/3/2024",17,1,"Afternoon",529.2225111,15.35,110,184,0,0
593,"0",0,"Normal",2022,510,2.390000105,125,593,5,"11/3/2024",17,1,"Evening",502.84340175,16.7,115,133,0,0
599,"1",0,"Polled",2022,510,1.820000052,122,599,5,"11/3/2024",17,1,"Afternoon",237.0503497,11.05,106,NA,1,0
602,"0",0,"Normal",2022,510,2.430000067,123,602,4,"11/3/2024",17,1,"Morning",456.7898743,15.9,115,52,0,0
644,"0",0,"Normal",2022,510,2.289999962,108,644,3,"11/3/2024",17,1,"Morning",323.236083,11.05,105,103,0,0
606,"1",0,"Normal",2022,510,1.470000029,120,606,5.456,"11/3/2024",17,1,"Evening",237.0388231,6.9,96,47,0,0
652,"0",0,"Normal",2022,510,2.079999924,111,652,2,"11/3/2024",17,1,"Morning",284.0323368,9,95,102,0,1
651,"0",1,"Normal",2022,510,1.580000043,110,651,4,"11/3/2024",17,1,"Afternoon",220.0677018,6.65,88,51,0,0
595,"0",0,"Normal",2022,510,1.899999976,123,595,4,"11/3/2024",17,1,"Evening",481.7360617,11.4,106,132,0,0
617,"1",0,"Scurred",2022,510,2.140000105,112,617,7,"11/3/2024",17,1,"Afternoon",338.1517592,12.3,110,4,1,1
653,"0",0,"Normal",2022,510,2.089999914,103,653,2,"11/3/2024",17,1,"Morning",258.74490235,7.4,99,58,0,0
666,"1",0,"Scurred",2022,510,NA,126,666,10,"11/3/2024",17,1,"Evening",524.7050338,10.1,101,1,0,0
657,"0",0,"Normal",2022,510,NA,96,657,8,"11/3/2024",17,1,"Morning",221.2430554,8.5,97,109,0,0
622,"1",1,"Polled",2022,510,1.99000001,117,622,8,"11/3/2024",17,1,"Afternoon",474.1769424,11.75,104,NA,0,1
442,"1",0,"Scurred",2020,502,3.599999905,116,442,8,"11/3/2024",17,3,"Afternoon",451.9557513,13.2,107,1,1,1
454,"0",0,"Normal",2020,502,NA,135,454,4,"11/3/2024",17,3,"Morning",442.60435475,14.5,111,200,0,0
465,"1",0,"Polled",2020,502,NA,127,465,2,"11/3/2024",17,3,"Afternoon",231.9956725,7.8,95,NA,0,0
292,"1",0,"Polled",2018,378,1.899999976,112,292,9,"11/3/2024",17,5,NA,305.14110605,8.1,99,NA,0,1
291,"1",0,"Polled",2018,378,1.399999976,112,291,3,"11/3/2024",17,5,"Evening",394.0680135,9.4,97,NA,0,0
347,"0",0,"Normal",2018,378,NA,119,347,3,"11/3/2024",17,5,NA,797.61805715,11.5,109,91,0,1
326,"1",1,"Polled",2018,378,1.179999948,108,326,6,"11/3/2024",17,5,"Evening",296.9957973,7.4,95,NA,0,0
355,"1",0,"Scurred",2018,378,NA,119,355,3,"11/3/2024",17,5,"Afternoon",672.01303965,11.2,110,2,1,1
297,"1",0,"Polled",2018,378,1.940000057,115,297,3,"11/3/2024",17,5,"Morning",455.71691105,13.35,109,NA,1,1
344,"1",0,"Scurred",2018,378,2.410000086,102,344,4,"11/3/2024",17,5,NA,581.8703785,14.15,112,1,1,1
301,"1",0,"Normal",2018,378,2.099999905,110,301,5,"11/3/2024",17,5,"Evening",650.3176917,13.15,111,108,0,0
312,"0",1,"Normal",2018,378,1.539999962,109,312,8,"11/3/2024",17,5,"Evening",530.2326019,9.05,106,83,0,0
331,"1",0,"Polled",2018,378,1.600000024,106,331,3,"11/3/2024",17,5,NA,231.37897145,5.25,91,NA,0,0
345,"1",0,"Normal",2018,378,1.799999952,99,345,4,"11/3/2024",17,5,"Afternoon",510.05799635,9.15,98,78,0,1
278,"0",0,"Normal",2018,378,1.879999995,120,278,6,"11/3/2024",17,5,"Afternoon",652.65463265,13.25,110,85,0,1
293,"0",0,"Normal",2018,378,2.140000105,121,293,6,"11/3/2024",17,5,"Morning",413.06238505,12.75,108,134,0,0
353,"0",0,"Normal",2018,378,NA,128,353,2,"11/3/2024",17,5,"Morning",421.78398315,8.25,97,118,0,0
303,"0",0,"Normal",2018,378,1.639999986,109,303,3,"11/3/2024",17,5,NA,467.2260301,9.7,107,91,0,0
333,"0",0,"Normal",2018,378,2.150000095,106,333,10,"11/3/2024",17,5,"Evening",576.5495085,13.2,112,159,0,1
332,"1",0,"Normal",2018,378,2.059999943,115,332,5,"11/3/2024",17,5,"Morning",432.97720805,13.85,107,15,0,1
598,"0",1,"Scurred",2022,510,1.539999962,122,598,9,"11/3/2024",18,1,"Afternoon",500.0059093,11.85,106,20,0,0
611,"0",0,"Normal",2022,510,2.430000067,112,611,4,"11/3/2024",18,1,"Morning",394.9514589,14,111,101,0,1
325,"1",0,"Normal",2018,378,1.889999986,108,325,10,"11/3/2024",18,5,NA,399.41305535,11.55,105,83,1,1
28,"0",0,"Normal",2014,482,NA,100,28,6,"11/3/2024",18,9,NA,566.80996505,13.4,104,104,1,NA
25,"1",0,"Scurred",2014,482,3.400000095,104,25,11,"11/3/2024",18,9,"Morning",344.6125437,9.95,104,1,1,0
30,"0",0,"Normal",2014,482,NA,70,30,1,"11/3/2024",18,9,NA,459.05947595,6.6,85,39,0,0
9,"1",0,"Normal",2014,482,2.269999981,119,9,6,"11/3/2024",18,9,"Morning",539.6616686,16.3,112,116,0,1
20,"0",0,"Normal",2014,482,2,114,20,4,"11/3/2024",18,9,"Morning",426.84500465,15.8,116,92,0,0
10,"1",0,"Polled",2014,482,2.799999952,111,10,3,"11/3/2024",18,9,"Morning",541.2975399,14.05,113,NA,1,0
7,"1",0,"Polled",2014,482,1.830000043,109,7,2,"11/3/2024",18,9,"Morning",389.25161965,11.1,104,NA,1,0
5,"0",0,"Normal",2014,482,2.400000095,120,5,5,"11/3/2024",18,9,"Morning",538.24370205,18.65,117,80,1,1
77,"0",0,"Normal",2015,513,NA,124,77,8,"11/3/2024",18,8,"Afternoon",547.7104583,10.7,105,111,0,NA
57,"1",0,"Scurred",2015,513,2.549999952,108,57,6,"11/3/2024",18,8,"Evening",510.8505858,12.4,107,1,0,0
58,"1",0,"Normal",2015,513,2.839999914,106,58,6,"11/3/2024",18,8,"Afternoon",401.52753895,13.9,112,71,0,NA
69,"1",0,"Scurred",2015,513,NA,101,69,5,"11/3/2024",18,8,"Afternoon",511.14327285,14.6,115,NA,1,0
39,"0",0,"Normal",2015,513,1.899999976,106,39,2,"11/3/2024",18,8,"Afternoon",379.3749669,11.1,NA,62,0,NA
67,"0",0,"Normal",2015,513,2.75,102,67,7,"11/3/2024",18,8,"Afternoon",485.39918925,11.35,106,142,0,NA
53,"0",0,"Normal",2015,513,3.299999952,99,53,3,"11/3/2024",18,8,"Evening",512.3706031,13.35,118,131,0,NA
55,"0",0,"Normal",2015,513,1.700000048,98,55,7,"11/3/2024",18,8,"Afternoon",583.20180215,9.95,101,139,0,NA
63,"0",0,"Normal",2015,513,1.850000024,105,63,2,"11/3/2024",18,8,"Afternoon",492.7605373,7.05,98,44,0,NA
44,"0",0,"Normal",2015,513,2.400000095,111,44,5.456,"11/3/2024",18,8,"Afternoon",529.55970035,12.05,110,135,0,0
46,"1",0,"Normal",2015,513,1.980000019,101,46,6,"11/3/2024",18,8,"Afternoon",410.8778264,10.55,104,78,0,0
62,"0",0,"Normal",2015,513,2.400000095,97,62,3,"11/3/2024",18,8,"Afternoon",522.65746705,11.4,110,64,0,NA
64,"1",0,"Normal",2015,513,2.359999895,98,64,8,"11/3/2024",18,8,"Evening",472.08387785,10.9,111,80,0,0
49,"1",1,"Polled",2015,513,1.549999952,103,49,7,"11/3/2024",18,8,"Afternoon",331.01985415,6.35,87,NA,0,0
59,"0",0,"Normal",2015,513,2.619999886,98,59,5,"11/3/2024",18,8,"Evening",529.1298709,14.9,114,113,0,0
115,"0",0,"Normal",2016,444,3.25,109,115,5,"11/3/2024",18,7,"Morning",555.9302754,17.45,112,146,1,1
35,"1",0,"Polled",2015,513,2.24000001,117,35,8,"11/3/2024",18,8,"Afternoon",468.6216043,10.95,109,NA,0,0
3,"1",0,"Polled",2014,482,2.599999905,111,3,5,"11/3/2024",18,9,"Afternoon",583.5442259,13.8,105,NA,1,1
26,"1",0,"Normal",2014,482,2.609999895,100,26,4,"11/3/2024",18,9,"Morning",596.81106405,11.7,111,81,1,1
2,"0",0,"Normal",2014,482,2.099999905,111,2,5,"11/3/2024",18,9,"Morning",567.56358005,13.2,107,104,0,NA
18,"0",1,"Normal",2014,482,1.850000024,105,18,4,"11/3/2024",18,9,"Morning",476.7582466,10.9,101,125,0,0
66,"0",0,"Normal",2015,513,1.850000024,95,66,7,"11/3/2024",18,8,"Afternoon",567.5348039,11.3,109,86,0,NA
50,"0",0,"Normal",2015,513,1.950000048,102,50,8,"11/3/2024",18,8,"Evening",308.97864305,7.8,105,55,0,0
31,"1",0,"Scurred",2014,482,NA,119,31,5,"11/3/2024",18,9,"Morning",518.0889063,14.3,111,NA,1,0
24,"1",1,"Scurred",2014,482,1.620000005,104,24,3,"11/3/2024",18,9,"Morning",449.3240411,12.95,106,1,1,1
1,"1",0,"Polled",2014,482,1.700000048,116,1,2,"11/3/2024",18,9,"Morning",453.2812692,12.95,110,NA,1,1
